"";"ID";"individu";"espece";"T5_inf70";"T10_inf70";"T15_inf70";"T5_sup70";"T10_sup70";"T15_sup70";"tot_inf70";"tot_sup70";"TOT";"transit";"chanteur";"observateur"
"37";"001B_1";12;"corneille noire";0;0;0;0;1;0;0;1;1;"non";"non";"mony"
"39";"001B_1";14;"corneille noire";0;0;0;2;0;0;0;2;2;"oui";"non";"mony"
"60";"001C_1";1;"corneille noire";0;0;0;1;0;0;0;1;1;"oui";"non";"mony"
"61";"001C_1";2;"corneille noire";0;0;0;3;3;1;0;3;3;"non";"non";"mony"
"77";"001C_1";18;"corneille noire";0;0;0;0;2;0;0;2;2;"non";"non";"mony"
"84";"001C_1";25;"corneille noire";0;0;0;0;2;0;0;2;2;"oui";"non";"mony"
"90";"001C_1";31;"corneille noire";0;0;0;2;2;0;0;2;2;"non";"non";"mony"
"97";"001D_1";4;"corneille noire";0;0;0;1;1;0;0;1;1;"non";"non";"mony"
"113";"001D_1";20;"corneille noire";0;0;0;0;0;1;0;1;1;"oui";"non";"mony"
"115";"001D_1";22;"corneille noire";0;0;0;3;1;1;0;3;3;"non";"non";"mony"
"120";"001D_1";27;"corneille noire";0;0;0;0;0;1;0;1;1;"oui";"non";"mony"
"129";"016A_1";8;"corneille noire";0;0;0;0;0;1;0;1;1;"non";"non";"mony"
"132";"016A_1";11;"corneille noire";0;0;0;0;0;1;0;1;1;"non";"non";"mony"
"134";"016A_1";13;"corneille noire";0;0;0;1;1;0;0;1;1;"non";"non";"mony"
"135";"016A_1";14;"corneille noire";0;0;0;1;1;0;0;1;1;"non";"non";"mony"
"140";"016A_1";19;"corneille noire";0;0;0;1;1;0;0;1;1;"non";"non";"mony"
"142";"016A_1";21;"corneille noire";0;0;0;2;2;0;0;2;2;"non";"non";"mony"
"146";"016A_1";25;"corneille noire";0;0;0;0;0;1;0;1;1;"non";"non";"mony"
"153";"016B_1";1;"corneille noire";0;0;0;1;0;0;0;1;1;"non";"non";"mony"
"160";"016B_1";8;"corneille noire";0;0;0;1;1;0;0;1;1;"non";"non";"mony"
"166";"016B_1";14;"corneille noire";0;0;0;0;0;2;0;2;2;"non";"non";"mony"
"176";"016B_1";24;"corneille noire";0;0;0;1;0;0;0;1;1;"non";"non";"mony"
"178";"016B_1";26;"corneille noire";0;0;0;0;0;1;0;1;1;"non";"non";"mony"
"185";"016C_1";3;"corneille noire";0;0;0;0;4;0;0;4;4;"non";"non";"mony"
"186";"016C_1";4;"corneille noire";0;0;0;2;2;0;0;2;2;"non";"non";"mony"
"187";"016C_1";5;"corneille noire";0;0;0;0;0;1;0;1;1;"non";"non";"mony"
"188";"016C_1";6;"corneille noire";0;0;0;1;0;0;0;1;1;"non";"non";"mony"
"189";"016C_1";7;"corneille noire";0;0;0;0;1;0;0;1;1;"non";"non";"mony"
"195";"016C_1";13;"corneille noire";0;0;0;4;0;0;0;4;4;"non";"non";"mony"
"218";"016D_1";3;"corneille noire";0;0;0;0;1;1;0;1;1;"non";"non";"mony"
"236";"016D_1";21;"corneille noire";0;0;0;0;0;2;0;2;2;"non";"non";"mony"
"237";"016D_1";22;"corneille noire";0;0;0;0;0;1;0;1;1;"oui";"non";"mony"
"244";"016D_1";29;"corneille noire";0;0;0;1;0;0;0;1;1;"non";"non";"mony"
"245";"016D_1";30;"corneille noire";0;0;0;0;0;4;0;4;4;"non";"non";"mony"
"247";"016D_1";32;"corneille noire";0;0;0;2;2;2;0;2;2;"non";"non";"mony"
"250";"016D_1";35;"corneille noire";0;0;0;0;1;0;0;1;1;"non";"non";"mony"
"260";"025A_1";2;"corneille noire";0;0;0;0;0;1;0;1;1;"non";"non";"barnagaud"
"275";"025A_1";17;"corneille noire";0;0;0;1;1;0;0;1;1;"non";"non";"barnagaud"
"278";"025A_1";20;"corneille noire";0;0;0;0;1;0;0;1;1;"non";"non";"barnagaud"
"282";"025A_1";24;"corneille noire";0;0;0;0;0;1;0;1;1;"oui";"non";"barnagaud"
"283";"025A_1";25;"corneille noire";0;0;0;0;0;3;0;3;3;"oui";"non";"barnagaud"
"296";"025B_1";3;"corneille noire";0;0;0;1;1;0;0;1;1;"non";"non";"barnagaud"
"303";"025B_1";10;"corneille noire";0;0;0;0;1;0;0;1;1;"non";"non";"barnagaud"
"324";"025C_1";2;"corneille noire";0;0;0;0;1;0;0;1;1;"non";"non";"barnagaud"
"331";"025C_1";9;"corneille noire";0;0;0;0;1;1;0;1;1;"non";"non";"barnagaud"
"334";"025C_1";12;"corneille noire";0;0;0;0;1;0;0;1;1;"non";"non";"barnagaud"
"335";"025C_1";13;"corneille noire";0;0;0;0;0;3;0;3;3;"oui";"non";"barnagaud"
"341";"025C_1";19;"corneille noire";0;0;0;1;0;0;0;1;1;"non";"non";"barnagaud"
"342";"025C_1";20;"corneille noire";0;0;0;0;0;1;0;1;1;"oui";"non";"barnagaud"
"364";"025D_1";4;"corneille noire";0;0;0;0;1;0;0;1;1;"non";"non";"barnagaud"
"370";"025D_1";10;"corneille noire";0;0;0;0;1;0;0;1;1;"oui";"non";"barnagaud"
"374";"025D_1";14;"corneille noire";0;0;0;1;0;1;0;1;1;"non";"non";"barnagaud"
"375";"025D_1";15;"corneille noire";0;0;0;0;2;0;0;2;2;"oui";"non";"barnagaud"
"395";"030A_1";1;"corneille noire";0;0;0;0;1;0;0;1;1;"non";"non";"barnagaud"
"396";"030A_1";2;"corneille noire";0;0;0;0;0;1;0;1;1;"oui";"non";"barnagaud"
"398";"030A_1";4;"corneille noire";0;0;0;0;1;0;0;1;1;"oui";"non";"barnagaud"
"410";"030A_1";16;"corneille noire";0;0;0;1;0;0;0;1;1;"non";"non";"barnagaud"
"412";"030A_1";18;"corneille noire";0;0;0;1;0;0;0;1;1;"oui";"non";"barnagaud"
"413";"030A_1";19;"corneille noire";0;0;0;0;5;0;0;5;5;"non";"non";"barnagaud"
"414";"030A_1";20;"corneille noire";0;0;0;0;1;0;0;1;1;"oui";"non";"barnagaud"
"426";"030B_1";3;"corneille noire";0;0;0;1;1;0;0;1;1;"non";"non";"barnagaud"
"428";"030B_1";5;"corneille noire";0;0;0;3;0;0;0;3;3;"oui";"non";"barnagaud"
"442";"030B_1";19;"corneille noire";0;0;0;0;1;0;0;1;1;"oui";"non";"barnagaud"
"443";"030B_1";20;"corneille noire";0;0;0;1;0;0;0;1;1;"non";"non";"barnagaud"
"449";"030B_1";26;"corneille noire";0;0;0;1;1;0;0;1;1;"non";"non";"barnagaud"
"455";"030B_1";32;"corneille noire";0;0;0;0;2;0;0;2;2;"non";"non";"barnagaud"
"469";"030C_1";6;"corneille noire";0;0;0;0;0;1;0;1;1;"non";"non";"barnagaud"
"470";"030C_1";7;"corneille noire";0;0;0;0;0;1;0;1;1;"non";"non";"barnagaud"
"472";"030C_1";9;"corneille noire";0;0;0;0;7;0;0;7;7;"oui";"non";"barnagaud"
"476";"030C_1";13;"corneille noire";0;0;0;0;0;1;0;1;1;"non";"non";"barnagaud"
"480";"030C_1";17;"corneille noire";0;0;0;0;1;0;0;1;1;"non";"non";"barnagaud"
"489";"030C_1";26;"corneille noire";0;1;0;0;0;0;1;0;1;"non";"non";"barnagaud"
"493";"030D_1";1;"corneille noire";0;0;0;0;1;0;0;1;1;"oui";"non";"barnagaud"
"501";"030D_1";9;"corneille noire";0;0;0;0;0;1;0;1;1;"non";"non";"barnagaud"
"503";"030D_1";11;"corneille noire";0;0;0;0;0;1;0;1;1;"oui";"non";"barnagaud"
"511";"030D_1";19;"corneille noire";0;0;0;1;1;0;0;1;1;"non";"non";"barnagaud"
"518";"030D_1";26;"corneille noire";0;0;0;1;1;0;0;1;1;"non";"non";"barnagaud"
"521";"030D_1";29;"corneille noire";0;0;0;0;0;4;0;4;4;"oui";"non";"barnagaud"
"524";"030D_1";32;"corneille noire";0;0;0;1;1;1;0;1;1;"non";"non";"barnagaud"
"531";"053A_1";3;"corneille noire";0;0;0;2;2;2;0;2;2;"non";"non";"corbeau"
"626";"058A_1";1;"corneille noire";0;0;0;0;0;1;0;1;1;"non";"non";"barnagaud"
"627";"058A_1";2;"corneille noire";0;0;0;0;1;0;0;1;1;"non";"non";"barnagaud"
"657";"058B_1";2;"corneille noire";0;0;0;1;1;0;0;1;1;"non";"non";"barnagaud"
"684";"058C_1";3;"corneille noire";0;0;0;1;0;0;0;1;1;"non";"non";"barnagaud"
"695";"058C_1";14;"corneille noire";0;0;1;0;0;0;1;0;1;"oui";"non";"barnagaud"
"713";"058D_1";1;"corneille noire";0;0;0;2;0;0;0;2;2;"oui";"non";"barnagaud"
"715";"058D_1";3;"corneille noire";0;0;0;2;0;0;0;2;2;"oui";"non";"barnagaud"
"720";"058D_1";8;"corneille noire";0;0;0;1;0;0;0;1;1;"non";"non";"barnagaud"
"722";"058D_1";10;"corneille noire";0;0;0;0;0;1;0;1;1;"non";"non";"barnagaud"
"723";"058D_1";11;"corneille noire";0;0;0;0;1;0;0;1;1;"oui";"non";"barnagaud"
"746";"063A_1";6;"corneille noire";0;0;0;1;2;0;0;2;2;"non";"non";"corbeau"
"747";"063A_1";7;"corneille noire";0;0;0;2;0;0;0;2;2;"non";"non";"corbeau"
"753";"063A_1";13;"corneille noire";0;0;0;1;1;0;0;1;1;"non";"non";"corbeau"
"766";"063B_1";5;"corneille noire";0;0;0;3;2;2;0;3;3;"non";"non";"corbeau"
"790";"063C_1";4;"corneille noire";0;0;0;2;0;2;0;2;2;"non";"non";"corbeau"
"798";"063C_1";12;"corneille noire";0;0;0;7;7;8;0;8;8;"non";"non";"corbeau"
"802";"063C_1";16;"corneille noire";0;0;0;0;1;1;0;1;1;"non";"non";"corbeau"
"815";"063D_1";4;"corneille noire";0;0;0;2;2;4;0;4;4;"non";"non";"corbeau"
"854";"143B_1";1;"corneille noire";0;0;0;0;1;1;0;1;1;"non";"non";"barnagaud"
"867";"143B_1";14;"corneille noire";0;0;0;0;0;1;0;1;1;"non";"non";"barnagaud"
"887";"143C_1";1;"corneille noire";0;0;0;1;0;0;0;1;1;"oui";"non";"barnagaud"
"891";"143C_1";5;"corneille noire";0;0;0;0;1;0;0;1;1;"non";"non";"barnagaud"
"898";"143C_1";12;"corneille noire";0;0;0;0;1;0;0;1;1;"non";"non";"barnagaud"
"901";"143C_1";15;"corneille noire";0;0;0;0;1;0;0;1;1;"non";"non";"barnagaud"
"902";"143C_1";16;"corneille noire";0;0;0;1;0;0;0;1;1;"non";"non";"barnagaud"
"916";"143C_1";30;"corneille noire";0;0;0;2;0;0;0;2;2;"non";"non";"barnagaud"
"930";"143D_1";1;"corneille noire";0;0;0;1;0;0;0;1;1;"non";"non";"barnagaud"
"931";"143D_1";2;"corneille noire";0;0;0;0;0;1;0;1;1;"non";"non";"barnagaud"
"932";"143D_1";3;"corneille noire";0;0;0;0;1;0;0;1;1;"non";"non";"barnagaud"
"946";"143D_1";17;"corneille noire";0;0;0;0;1;0;0;1;1;"non";"non";"barnagaud"
"949";"143D_1";20;"corneille noire";0;0;0;0;0;2;0;2;2;"non";"non";"barnagaud"
"951";"143D_1";22;"corneille noire";0;0;0;0;2;0;0;2;2;"oui";"non";"barnagaud"
"952";"143D_1";23;"corneille noire";0;0;0;0;3;0;0;3;3;"oui";"non";"barnagaud"
"970";"166A_1";1;"corneille noire";0;0;0;0;0;1;0;1;1;"non";"non";"mony"
"979";"166A_1";10;"corneille noire";0;0;0;0;1;1;0;1;1;"non";"non";"mony"
"995";"166A_1";26;"corneille noire";0;0;0;0;0;1;0;1;1;"non";"non";"mony"
"1035";"166B_1";36;"corneille noire";0;0;0;0;0;1;0;1;1;"non";"non";"mony"
"1046";"166C_1";11;"corneille noire";0;0;0;0;1;0;0;1;1;"non";"non";"mony"
"1051";"166C_1";16;"corneille noire";0;0;0;0;2;0;0;2;2;"non";"non";"mony"
"1060";"166C_1";25;"corneille noire";0;0;0;1;0;0;0;1;1;"non";"non";"mony"
"1080";"166D_1";6;"corneille noire";0;0;0;1;0;0;0;1;1;"non";"non";"mony"
"1102";"166D_1";28;"corneille noire";0;0;0;0;1;0;0;1;1;"non";"non";"mony"
"1104";"166D_1";30;"corneille noire";0;0;0;2;0;0;0;2;2;"non";"non";"mony"
"1131";"168A_1";27;"corneille noire";0;0;0;0;1;0;0;1;1;"non";"non";"mony"
"1138";"168A_1";34;"corneille noire";0;0;0;0;1;1;0;1;1;"non";"non";"mony"
"1139";"168B_1";1;"corneille noire";0;0;0;1;1;0;0;1;1;"non";"non";"mony"
"1140";"168B_1";2;"corneille noire";0;0;0;0;0;2;0;2;2;"non";"non";"mony"
"1147";"168B_1";9;"corneille noire";0;0;0;1;1;0;0;1;1;"non";"non";"mony"
"1164";"168B_1";26;"corneille noire";0;0;0;1;0;0;0;1;1;"non";"non";"mony"
"1173";"168C_1";1;"corneille noire";0;0;0;2;0;2;0;2;2;"non";"non";"mony"
"1177";"168C_1";5;"corneille noire";0;0;0;0;2;0;0;2;2;"non";"non";"mony"
"1194";"168C_1";22;"corneille noire";0;0;0;0;0;1;0;1;1;"non";"non";"mony"
"1205";"168D_1";1;"corneille noire";0;0;0;1;1;1;0;1;1;"non";"non";"mony"
"1215";"168D_1";11;"corneille noire";0;0;0;0;1;1;0;1;1;"non";"non";"mony"
"1222";"168D_1";18;"corneille noire";0;0;0;0;0;2;0;2;2;"non";"non";"mony"
"1237";"182A_1";7;"corneille noire";0;0;0;1;0;0;0;1;1;"non";"non";"corbeau"
"1238";"182A_1";8;"corneille noire";0;0;0;0;1;1;0;1;1;"non";"non";"corbeau"
"1239";"182A_1";9;"corneille noire";0;0;0;0;1;1;0;1;1;"non";"non";"corbeau"
"1267";"182B_1";5;"corneille noire";0;0;0;0;2;0;0;2;2;"non";"non";"corbeau"
"1272";"182B_1";10;"corneille noire";0;0;0;0;0;1;0;1;1;"non";"non";"corbeau"
"1283";"182C_1";1;"corneille noire";0;0;0;3;1;0;0;3;3;"non";"non";"corbeau"
"1291";"182C_1";9;"corneille noire";0;0;0;0;2;0;0;2;2;"non";"non";"corbeau"
"1298";"182C_1";16;"corneille noire";0;0;0;2;2;0;0;2;2;"non";"non";"corbeau"
"1314";"182D_1";2;"corneille noire";0;0;0;2;0;2;0;2;2;"non";"non";"corbeau"
"1320";"182D_1";8;"corneille noire";0;0;0;0;1;0;0;1;1;"non";"non";"corbeau"
"1323";"182D_1";11;"corneille noire";0;0;0;1;1;0;0;1;1;"non";"non";"corbeau"
"1332";"182D_1";20;"corneille noire";0;2;2;0;0;0;2;0;2;"non";"non";"corbeau"
"1341";"199A_1";9;"corneille noire";0;0;0;1;0;0;0;1;1;"non";"non";"mony"
"1349";"199A_1";17;"corneille noire";0;0;0;0;0;1;0;1;1;"non";"non";"mony"
"1357";"199B_1";6;"corneille noire";0;0;0;0;1;0;0;1;1;"non";"non";"mony"
"1364";"199B_1";13;"corneille noire";0;0;0;1;0;1;0;1;1;"non";"non";"mony"
"1395";"199C_1";15;"corneille noire";0;1;0;0;0;0;1;0;1;"non";"non";"mony"
"1401";"199C_1";21;"corneille noire";1;1;1;0;0;0;1;0;1;"non";"non";"mony"
"1408";"199C_1";28;"corneille noire";2;0;0;0;0;0;2;0;2;"non";"non";"mony"
"1415";"199C_1";35;"corneille noire";0;1;0;0;0;0;1;0;1;"non";"non";"mony"
"1417";"199C_1";37;"corneille noire";0;0;1;0;0;0;1;0;1;"non";"non";"mony"
"1420";"199D_1";1;"corneille noire";0;0;0;0;1;0;0;1;1;"non";"non";"mony"
"1430";"199D_1";11;"corneille noire";0;0;0;1;0;1;0;1;1;"non";"non";"mony"
"1439";"199D_1";20;"corneille noire";0;0;0;1;1;1;0;1;1;"non";"non";"mony"
"1452";"213A_1";4;"corneille noire";0;0;0;10;0;0;0;10;10;"non";"non";"barnagaud"
"1471";"213A_1";23;"corneille noire";0;0;0;0;1;0;0;1;1;"non";"non";"barnagaud"
"1483";"213B_1";4;"corneille noire";0;0;0;0;0;1;0;1;1;"non";"non";"barnagaud"
"1484";"213B_1";5;"corneille noire";0;0;0;0;1;1;0;1;1;"non";"non";"barnagaud"
"1494";"213B_1";15;"corneille noire";0;0;0;0;1;0;0;1;1;"non";"non";"barnagaud"
"1496";"213B_1";17;"corneille noire";0;0;0;1;0;0;0;1;1;"non";"non";"barnagaud"
"1516";"213C_1";1;"corneille noire";0;0;0;0;0;1;0;1;1;"oui";"non";"barnagaud"
"1530";"213C_1";15;"corneille noire";0;0;0;0;2;0;0;2;2;"non";"non";"barnagaud"
"1533";"213C_1";18;"corneille noire";0;0;0;0;0;1;0;1;1;"non";"non";"barnagaud"
"1534";"213C_1";19;"corneille noire";0;0;0;2;2;0;0;2;2;"non";"non";"barnagaud"
"1549";"213D_1";6;"corneille noire";0;0;0;0;0;1;0;1;1;"oui";"non";"barnagaud"
"1552";"213D_1";9;"corneille noire";0;0;0;1;0;0;0;1;1;"non";"non";"barnagaud"
"1553";"213D_1";10;"corneille noire";0;0;0;0;0;3;0;3;3;"oui";"non";"barnagaud"
"1587";"242A_1";7;"corneille noire";0;0;0;0;2;0;0;2;2;"non";"non";"corbeau"
"1593";"242A_1";13;"corneille noire";0;0;0;0;0;1;0;1;1;"non";"non";"corbeau"
"1621";"242B_1";13;"corneille noire";0;0;0;1;0;1;0;1;1;"non";"non";"corbeau"
"1646";"242C_1";12;"corneille noire";0;0;0;1;0;0;0;1;1;"non";"non";"corbeau"
"1668";"242D_1";4;"corneille noire";0;0;0;0;0;1;0;1;1;"non";"non";"corbeau"
"1689";"260A_1";4;"corneille noire";0;0;0;0;1;0;0;1;1;"non";"non";"barnagaud"
"1698";"260A_1";13;"corneille noire";0;0;0;0;1;1;0;1;1;"non";"non";"barnagaud"
"1724";"260B_1";8;"corneille noire";0;0;0;0;0;1;0;1;1;"non";"non";"barnagaud"
"1756";"260C_1";4;"corneille noire";0;0;0;1;0;0;0;1;1;"non";"non";"barnagaud"
"1770";"260C_1";18;"corneille noire";0;0;0;1;0;0;0;1;1;"non";"non";"barnagaud"
"1807";"260D_1";17;"corneille noire";0;0;0;0;1;0;0;1;1;"non";"non";"barnagaud"
"1814";"260D_1";24;"corneille noire";0;0;0;1;0;0;0;1;1;"non";"non";"barnagaud"
"1828";"271A_1";2;"corneille noire";0;0;0;0;0;1;0;1;1;"non";"non";"barnagaud"
"1829";"271A_1";3;"corneille noire";0;0;0;2;0;0;0;2;2;"oui";"non";"barnagaud"
"1832";"271A_1";6;"corneille noire";0;0;0;0;0;1;0;1;1;"non";"non";"barnagaud"
"1840";"271A_1";14;"corneille noire";0;0;0;1;1;1;0;1;1;"non";"non";"barnagaud"
"1841";"271A_1";15;"corneille noire";0;0;0;0;1;1;0;1;1;"non";"non";"barnagaud"
"1844";"271A_1";18;"corneille noire";0;0;0;0;1;0;0;1;1;"non";"non";"barnagaud"
"1846";"271A_1";20;"corneille noire";0;0;0;2;0;0;0;2;2;"non";"non";"barnagaud"
"1853";"271A_1";27;"corneille noire";0;0;0;1;0;0;0;1;1;"non";"non";"barnagaud"
"1874";"271B_1";8;"corneille noire";0;0;0;0;1;0;0;1;1;"non";"non";"barnagaud"
"1894";"271C_1";1;"corneille noire";0;0;0;0;0;1;0;1;1;"oui";"non";"barnagaud"
"1896";"271C_1";3;"corneille noire";0;0;0;0;0;1;0;1;1;"oui";"non";"barnagaud"
"1897";"271C_1";4;"corneille noire";0;0;0;0;0;1;0;1;1;"non";"non";"barnagaud"
"1898";"271C_1";5;"corneille noire";0;0;0;0;0;1;0;1;1;"non";"non";"barnagaud"
"1905";"271C_1";12;"corneille noire";0;0;0;1;0;0;0;1;1;"non";"non";"barnagaud"
"1908";"271C_1";15;"corneille noire";0;0;0;0;0;1;0;1;1;"non";"non";"barnagaud"
"1909";"271C_1";16;"corneille noire";0;0;0;0;0;1;0;1;1;"non";"non";"barnagaud"
"1911";"271C_1";18;"corneille noire";0;0;0;1;0;0;0;1;1;"oui";"non";"barnagaud"
"1927";"271D_1";1;"corneille noire";0;0;0;0;1;0;0;1;1;"non";"non";"barnagaud"
"1931";"271D_1";5;"corneille noire";0;0;0;0;0;1;0;1;1;"non";"non";"barnagaud"
"1936";"271D_1";10;"corneille noire";0;0;0;0;1;1;0;1;1;"non";"non";"barnagaud"
"1939";"271D_1";13;"corneille noire";0;0;0;1;0;0;0;1;1;"non";"non";"barnagaud"
"1941";"271D_1";15;"corneille noire";0;0;0;0;0;2;0;2;2;"non";"non";"barnagaud"
"1947";"271D_1";21;"corneille noire";0;0;0;1;0;0;0;1;1;"non";"non";"barnagaud"
"1962";"354A_1";2;"corneille noire";0;0;0;0;0;1;0;1;1;"oui";"non";"mony"
"1978";"354A_1";18;"corneille noire";0;0;0;1;0;0;0;1;1;"non";"non";"mony"
"2005";"354B_1";12;"corneille noire";0;0;0;1;0;0;0;1;1;"non";"non";"mony"
"2020";"354B_1";27;"corneille noire";0;0;0;1;0;0;0;1;1;"non";"non";"mony"
"2031";"354C_1";10;"corneille noire";0;0;0;1;0;0;0;1;1;"non";"non";"mony"
"2035";"354C_1";14;"corneille noire";0;0;0;1;0;0;0;1;1;"non";"non";"mony"
"2046";"354C_1";25;"corneille noire";0;0;0;1;1;0;0;1;1;"non";"non";"mony"
"2067";"354D_1";6;"corneille noire";0;0;0;1;1;0;0;1;1;"non";"non";"mony"
"2074";"354D_1";13;"corneille noire";0;0;0;0;0;1;0;1;1;"non";"non";"mony"
"2079";"354D_1";18;"corneille noire";0;0;0;0;1;0;0;1;1;"non";"non";"mony"
"2083";"354D_1";22;"corneille noire";0;0;0;0;1;0;0;1;1;"non";"non";"mony"
"2123";"385B_1";15;"corneille noire";0;0;0;0;4;3;0;4;4;"non";"non";"corbeau"
"2132";"385C_1";2;"corneille noire";0;0;0;0;1;0;0;1;1;"non";"non";"corbeau"
"2159";"385D_1";7;"corneille noire";0;0;0;1;1;0;0;1;1;"non";"non";"corbeau"
"2164";"385D_1";12;"corneille noire";0;0;0;1;0;0;0;1;1;"non";"non";"corbeau"
"2172";"434A_1";3;"corneille noire";0;0;0;1;0;0;0;1;1;"oui";"non";"barnagaud"
"2173";"434A_1";4;"corneille noire";0;0;0;1;0;0;0;1;1;"oui";"non";"barnagaud"
"2176";"434A_1";7;"corneille noire";0;0;0;0;0;1;0;1;1;"oui";"non";"barnagaud"
"2177";"434A_1";8;"corneille noire";0;0;0;0;0;1;0;1;1;"oui";"non";"barnagaud"
"2182";"434A_1";13;"corneille noire";0;0;0;0;0;2;0;2;2;"non";"non";"barnagaud"
"2225";"434B_1";24;"corneille noire";0;0;0;1;0;0;0;1;1;"non";"non";"barnagaud"
"2289";"434D_1";15;"corneille noire";0;0;0;0;0;1;0;1;1;"non";"non";"barnagaud"
"2329";"443A_1";19;"corneille noire";0;0;0;0;0;2;0;2;2;"non";"non";"mony"
"2334";"443A_1";24;"corneille noire";0;0;0;0;2;0;0;2;2;"non";"non";"mony"
"2335";"443A_1";25;"corneille noire";0;0;0;0;0;1;0;1;1;"oui";"non";"mony"
"2338";"443A_1";28;"corneille noire";0;0;0;0;0;1;0;1;1;"oui";"non";"mony"
"2339";"443A_1";29;"corneille noire";0;0;0;0;0;3;0;3;3;"oui";"non";"mony"
"2366";"443B_1";26;"corneille noire";0;0;0;1;1;0;0;1;1;"non";"non";"mony"
"2380";"443C_1";11;"corneille noire";0;0;0;1;0;1;0;1;1;"non";"non";"mony"
"2402";"443C_1";33;"corneille noire";0;0;0;0;1;0;0;1;1;"non";"non";"mony"
"2408";"443D_1";4;"corneille noire";0;0;0;1;1;0;0;1;1;"non";"non";"mony"
"2414";"443D_1";10;"corneille noire";0;0;0;1;0;0;0;1;1;"non";"non";"mony"
"2420";"443D_1";16;"corneille noire";0;0;0;2;2;2;0;2;2;"non";"non";"mony"
"2437";"443D_1";33;"corneille noire";0;0;0;0;0;1;0;1;1;"non";"non";"mony"
"2439";"452A_1";1;"corneille noire";0;0;0;0;0;1;0;1;1;"oui";"non";"corbeau"
"2479";"452B_1";11;"corneille noire";0;0;0;0;0;2;0;2;2;"oui";"non";"corbeau"
"2482";"452B_1";14;"corneille noire";0;0;0;0;0;1;0;1;1;"oui";"non";"corbeau"
"2484";"452B_1";16;"corneille noire";0;0;0;1;1;0;0;1;1;"non";"non";"corbeau"
"2494";"452B_1";26;"corneille noire";0;0;1;0;0;0;1;0;1;"oui";"non";"corbeau"
"2508";"452C_1";9;"corneille noire";0;0;0;0;3;0;0;3;3;"oui";"non";"corbeau"
"2515";"452C_1";16;"corneille noire";0;0;0;0;1;2;0;2;2;"non";"non";"corbeau"
"2529";"452D_1";3;"corneille noire";0;0;0;0;2;0;0;2;2;"oui";"non";"corbeau"
"2530";"452D_1";4;"corneille noire";0;0;0;0;0;2;0;2;2;"oui";"non";"corbeau"
"2541";"452D_1";15;"corneille noire";0;0;0;0;1;0;0;1;1;"oui";"non";"corbeau"
"2562";"490A_1";6;"corneille noire";0;0;0;1;0;1;0;1;1;"non";"non";"corbeau"
"2585";"490B_1";6;"corneille noire";0;0;0;1;1;2;0;2;2;"non";"non";"corbeau"
"2609";"490C_1";2;"corneille noire";0;0;0;3;3;3;0;3;3;"non";"non";"corbeau"
"2617";"490C_1";10;"corneille noire";0;0;0;1;0;1;0;1;1;"non";"non";"corbeau"
"2632";"490D_1";2;"corneille noire";0;0;0;4;0;1;0;4;4;"non";"non";"corbeau"
"2664";"506A_1";5;"corneille noire";0;0;0;1;3;1;0;3;3;"non";"non";"corbeau"
"2671";"506A_1";12;"corneille noire";0;0;0;0;2;2;0;2;2;"non";"non";"corbeau"
"2675";"506A_1";16;"corneille noire";0;0;0;0;0;1;0;1;1;"non";"non";"corbeau"
"2680";"506A_1";21;"corneille noire";0;0;0;0;0;1;0;1;1;"non";"non";"corbeau"
"2693";"506B_1";2;"corneille noire";0;0;0;0;1;0;0;1;1;"oui";"non";"corbeau"
"2698";"506B_1";7;"corneille noire";0;0;0;1;1;1;0;1;1;"non";"non";"corbeau"
"2722";"506C_1";5;"corneille noire";0;0;0;1;0;0;0;1;1;"oui";"non";"corbeau"
"2725";"506C_1";8;"corneille noire";0;0;0;1;1;0;0;1;1;"non";"non";"corbeau"
"2732";"506C_1";15;"corneille noire";0;0;0;2;0;0;0;2;2;"non";"non";"corbeau"
"2736";"506C_1";19;"corneille noire";0;0;0;1;0;0;0;1;1;"oui";"non";"corbeau"
"2737";"506C_1";20;"corneille noire";0;0;0;0;0;1;0;1;1;"oui";"non";"corbeau"
"2739";"506C_1";22;"corneille noire";0;2;2;0;0;0;2;0;2;"non";"non";"corbeau"
"2753";"506D_1";9;"corneille noire";0;0;0;0;0;1;0;1;1;"non";"non";"corbeau"
"2759";"506D_1";15;"corneille noire";0;0;0;1;0;0;0;1;1;"non";"non";"corbeau"
"2784";"524A_1";10;"corneille noire";0;0;0;1;0;0;0;1;1;"oui";"non";"barnagaud"
"2798";"524A_1";24;"corneille noire";0;0;0;0;1;1;0;1;1;"non";"non";"barnagaud"
"2824";"524B_1";14;"corneille noire";0;0;0;1;0;0;0;1;1;"non";"non";"barnagaud"
"2846";"524C_1";2;"corneille noire";0;0;0;0;0;1;0;1;1;"oui";"non";"barnagaud"
"2857";"524C_1";13;"corneille noire";0;0;0;1;0;0;0;1;1;"non";"non";"barnagaud"
"2888";"524D_1";7;"corneille noire";0;0;0;0;0;1;0;1;1;"non";"non";"barnagaud"
"2894";"524D_1";13;"corneille noire";0;0;0;0;1;0;0;1;1;"non";"non";"barnagaud"
"2896";"524D_1";15;"corneille noire";0;0;0;1;1;0;0;1;1;"non";"non";"barnagaud"
"2919";"682A_1";7;"corneille noire";0;0;0;0;1;0;0;1;1;"oui";"non";"corbeau"
"2929";"682A_1";17;"corneille noire";0;0;0;1;1;0;0;1;1;"non";"non";"corbeau"
"2943";"682B_1";13;"corneille noire";0;0;0;1;0;0;0;1;1;"non";"non";"corbeau"
"2945";"682B_1";15;"corneille noire";0;0;0;0;1;0;0;1;1;"oui";"non";"corbeau"
"2956";"682C_1";7;"corneille noire";0;0;0;0;2;0;0;2;2;"non";"non";"corbeau"
"2993";"682D_1";18;"corneille noire";0;0;0;0;1;0;0;1;1;"non";"non";"corbeau"
"3011";"689A_1";15;"corneille noire";0;0;0;0;0;1;0;1;1;"non";"non";"mony"
"3018";"689A_1";22;"corneille noire";0;0;0;0;0;2;0;2;2;"non";"non";"mony"
"3020";"689B_1";1;"corneille noire";0;0;0;1;0;0;0;1;1;"non";"non";"mony"
"3021";"689B_1";2;"corneille noire";0;0;0;0;1;3;0;3;3;"oui";"non";"mony"
"3027";"689B_1";8;"corneille noire";0;0;0;0;0;1;0;1;1;"non";"non";"mony"
"3033";"689B_1";14;"corneille noire";0;0;0;0;1;2;0;2;2;"non";"non";"mony"
"3044";"689B_1";25;"corneille noire";0;0;0;1;0;0;0;1;1;"non";"non";"mony"
"3063";"689C_1";10;"corneille noire";0;0;0;0;0;1;0;1;1;"non";"non";"mony"
"3067";"689C_1";14;"corneille noire";0;0;0;1;0;1;0;1;1;"non";"non";"mony"
"3072";"689C_1";19;"corneille noire";0;0;0;0;0;1;0;1;1;"non";"non";"mony"
"3080";"689D_1";3;"corneille noire";0;0;0;0;2;0;0;2;2;"non";"non";"mony"
"3103";"689D_1";26;"corneille noire";0;0;0;1;0;2;0;2;2;"non";"non";"mony"
"3110";"689D_1";33;"corneille noire";0;0;0;0;0;2;0;2;2;"non";"non";"mony"
"3121";"695A_1";4;"corneille noire";0;0;0;0;0;1;0;1;1;"non";"non";"mony"
"3157";"695A_1";40;"corneille noire";0;0;0;0;0;10;0;10;10;"non";"non";"mony"
"3177";"695B_1";20;"corneille noire";0;0;0;0;1;0;0;1;1;"non";"non";"mony"
"3180";"695B_1";23;"corneille noire";0;0;0;0;1;0;0;1;1;"non";"non";"mony"
"3218";"695D_1";2;"corneille noire";0;0;0;1;0;0;0;1;1;"non";"non";"mony"
"3223";"695D_1";7;"corneille noire";0;0;0;0;0;1;0;1;1;"non";"non";"mony"
"3237";"695D_1";21;"corneille noire";0;0;0;0;0;1;0;1;1;"non";"non";"mony"
"3344";"708A_1";16;"corneille noire";0;0;0;1;0;1;0;1;1;"non";"non";"corbeau"
"3353";"708B_1";1;"corneille noire";0;0;0;6;0;0;0;6;6;"oui";"non";"corbeau"
"3354";"708B_1";2;"corneille noire";0;0;0;0;4;0;0;4;4;"oui";"non";"corbeau"
"3355";"708B_1";3;"corneille noire";0;0;0;0;0;5;0;5;5;"oui";"non";"corbeau"
"3378";"708C_1";5;"corneille noire";0;0;0;0;0;1;0;1;1;"non";"non";"corbeau"
"3393";"708D_1";1;"corneille noire";0;0;0;2;1;2;0;2;2;"non";"non";"corbeau"
"3413";"771A_1";3;"corneille noire";0;0;0;0;0;1;0;1;1;"non";"non";"barnagaud"
"3418";"771A_1";8;"corneille noire";0;0;0;0;1;1;0;1;1;"non";"non";"barnagaud"
"3422";"771A_1";12;"corneille noire";0;0;0;0;0;1;0;1;1;"non";"non";"barnagaud"
"3423";"771A_1";13;"corneille noire";0;0;0;0;0;1;0;1;1;"non";"non";"barnagaud"
"3455";"771B_1";7;"corneille noire";0;0;0;1;1;0;0;1;1;"non";"non";"barnagaud"
"3461";"771B_1";13;"corneille noire";0;0;0;0;0;1;0;1;1;"non";"non";"barnagaud"
"3478";"771B_1";30;"corneille noire";0;0;1;0;0;0;1;0;1;"non";"non";"barnagaud"
"3481";"771B_1";33;"corneille noire";0;1;0;0;0;0;1;0;1;"non";"non";"barnagaud"
"3485";"771C_1";3;"corneille noire";0;0;0;0;1;0;0;1;1;"non";"non";"barnagaud"
"3495";"771C_1";13;"corneille noire";0;0;0;1;1;0;0;1;1;"non";"non";"barnagaud"
"3504";"771C_1";22;"corneille noire";0;0;0;1;0;0;0;1;1;"non";"non";"barnagaud"
"3507";"771C_1";25;"corneille noire";0;0;0;0;1;0;0;1;1;"non";"non";"barnagaud"
"3524";"771D_1";4;"corneille noire";0;0;0;1;0;0;0;1;1;"non";"non";"barnagaud"
"3556";"791A_1";2;"corneille noire";0;0;0;0;1;1;0;1;1;"non";"non";"mony"
"3570";"791A_1";16;"corneille noire";0;0;0;1;0;0;0;1;1;"non";"non";"mony"
"3581";"791B_1";1;"corneille noire";0;0;0;0;1;1;0;1;1;"non";"non";"mony"
"3606";"791B_1";26;"corneille noire";0;0;0;0;0;2;0;2;2;"non";"non";"mony"
"3614";"791C_1";7;"corneille noire";0;0;0;1;0;0;0;1;1;"non";"non";"mony"
"3636";"791D_1";1;"corneille noire";0;0;0;1;0;0;0;1;1;"non";"non";"mony"
"3637";"791D_1";2;"corneille noire";0;0;0;0;0;1;0;1;1;"non";"non";"mony"
"3638";"791D_1";3;"corneille noire";0;0;0;1;0;0;0;1;1;"non";"non";"mony"
"3639";"791D_1";4;"corneille noire";0;0;0;0;1;0;0;1;1;"non";"non";"mony"
"3644";"791D_1";9;"corneille noire";0;0;0;1;0;0;0;1;1;"non";"non";"mony"
"3664";"791D_1";29;"corneille noire";0;0;0;3;0;0;0;3;3;"non";"non";"mony"
"3666";"791D_1";31;"corneille noire";0;0;0;1;0;0;0;1;1;"non";"non";"mony"
"3668";"791D_1";33;"corneille noire";0;0;0;1;0;0;0;1;1;"non";"non";"mony"
"3670";"001A_2";2;"corneille noire";0;0;0;2;0;4;0;4;4;"non";"oui";"corbeau"
"3704";"001B_2";8;"corneille noire";0;0;0;0;1;1;0;1;1;"non";"oui";"corbeau"
"3716";"001B_2";20;"corneille noire";0;1;3;0;0;0;3;0;3;"non";"oui";"corbeau"
"3724";"001B_2";28;"corneille noire";1;1;0;0;0;0;1;0;1;"non";"oui";"corbeau"
"3725";"001C_2";1;"corneille noire";0;0;0;0;0;1;0;1;1;"non";"oui";"corbeau"
"3732";"001C_2";8;"corneille noire";0;0;0;1;0;0;0;1;1;"non";"oui";"corbeau"
"3756";"490B_2";NA;"corneille noire";0;0;0;0;0;1;0;1;1;"oui";"non";"barnagaud"
"3758";"490B_2";NA;"corneille noire";0;0;0;0;1;0;0;1;1;"oui";"non";"barnagaud"
"3759";"490B_2";NA;"corneille noire";0;0;0;0;1;0;0;1;1;"oui";"non";"barnagaud"
"3761";"490B_2";NA;"corneille noire";0;0;0;1;1;1;0;1;1;"non";"non";"barnagaud"
"3763";"490B_2";NA;"corneille noire";0;0;0;1;0;0;0;1;1;"non";"non";"barnagaud"
"3771";"490B_2";NA;"corneille noire";0;0;0;1;0;0;0;1;1;"non";"non";"barnagaud"
"3783";"490B_2";NA;"corneille noire";0;0;0;1;0;0;0;1;1;"non";"non";"barnagaud"
"3823";"490C_2";NA;"corneille noire";0;0;0;0;1;0;0;1;1;"oui";"non";"barnagaud"
"3826";"490C_2";NA;"corneille noire";0;0;0;1;0;0;0;1;1;"oui";"non";"barnagaud"
"3830";"490C_2";NA;"corneille noire";0;0;0;0;1;1;0;1;1;"non";"non";"barnagaud"
"3838";"490C_2";NA;"corneille noire";0;0;0;0;1;0;0;1;1;"non";"non";"barnagaud"
"3844";"490C_2";NA;"corneille noire";0;0;0;0;0;1;0;1;1;"non";"non";"barnagaud"
"3845";"490C_2";NA;"corneille noire";0;0;0;0;0;1;0;1;1;"non";"non";"barnagaud"
"3863";"490D_2";NA;"corneille noire";0;0;0;0;2;0;0;2;2;"non";"non";"barnagaud"
"3865";"490D_2";NA;"corneille noire";0;0;0;0;1;0;0;1;1;"non";"non";"barnagaud"
"3875";"490D_2";NA;"corneille noire";0;0;0;1;1;0;0;1;1;"non";"non";"barnagaud"
"3880";"490D_2";NA;"corneille noire";0;0;0;1;0;1;0;1;1;"non";"non";"barnagaud"
"3883";"490D_2";NA;"corneille noire";0;0;0;0;0;3;0;3;3;"non";"non";"barnagaud"
"3886";"490D_2";NA;"corneille noire";0;0;0;3;0;0;0;3;3;"non";"non";"barnagaud"
"3899";"385C_2";NA;"corneille noire";0;0;0;1;1;0;0;1;1;"non";"non";"barnagaud"
"3905";"385C_2";NA;"corneille noire";0;0;0;0;2;0;0;2;2;"non";"non";"barnagaud"
"3927";"385A_2";NA;"corneille noire";0;0;0;1;1;0;0;1;1;"non";"non";"barnagaud"
"3929";"385A_2";NA;"corneille noire";0;0;0;0;0;1;0;1;1;"non";"non";"barnagaud"
"3934";"385A_2";NA;"corneille noire";0;0;0;0;1;2;0;2;2;"non";"non";"barnagaud"
"3945";"385A_2";NA;"corneille noire";0;0;0;1;0;0;0;1;1;"oui";"non";"barnagaud"
"3946";"385A_2";NA;"corneille noire";0;0;0;2;2;0;0;2;2;"non";"non";"barnagaud"
"3959";"385D_2";NA;"corneille noire";0;0;0;1;0;0;0;1;1;"non";"non";"barnagaud"
"3989";"385B_2";NA;"corneille noire";0;0;0;0;0;1;0;1;1;"non";"non";"barnagaud"
"3991";"385B_2";NA;"corneille noire";0;0;0;0;1;0;0;1;1;"non";"non";"barnagaud"
"4021";"708A_2";NA;"corneille noire";0;0;0;0;1;1;0;1;1;"non";"non";"barnagaud"
"4025";"708A_2";NA;"corneille noire";0;0;0;2;0;2;0;2;2;"non";"non";"barnagaud"
"4055";"708C_2";NA;"corneille noire";0;0;0;0;0;1;0;1;1;"oui";"non";"barnagaud"
"4059";"708C_2";NA;"corneille noire";0;0;0;1;0;0;0;1;1;"non";"non";"barnagaud"
"4060";"708C_2";NA;"corneille noire";0;0;0;0;0;1;0;1;1;"non";"non";"barnagaud"
"4073";"708C_2";NA;"corneille noire";0;0;0;1;0;0;0;1;1;"non";"non";"barnagaud"
"4075";"708C_2";NA;"corneille noire";0;0;0;0;1;2;0;2;2;"non";"non";"barnagaud"
"4084";"708C_2";NA;"corneille noire";0;0;0;0;1;0;0;1;1;"non";"non";"barnagaud"
"4094";"708B_2";NA;"corneille noire";0;0;0;1;1;1;0;1;1;"non";"non";"barnagaud"
"4098";"708B_2";NA;"corneille noire";0;0;0;1;1;0;0;1;1;"non";"non";"barnagaud"
"4107";"708B_2";NA;"corneille noire";0;0;0;0;1;0;0;1;1;"non";"non";"barnagaud"
"4118";"708D_2";NA;"corneille noire";0;0;0;1;0;0;0;1;1;"non";"non";"barnagaud"
"4120";"708D_2";NA;"corneille noire";0;0;0;0;0;2;0;2;2;"non";"non";"barnagaud"
"4129";"708D_2";NA;"corneille noire";0;0;0;0;0;1;0;1;1;"non";"non";"barnagaud"
"4135";"708D_2";NA;"corneille noire";0;0;0;1;0;0;0;1;1;"non";"non";"barnagaud"
"4152";"682A_2";NA;"corneille noire";0;0;0;1;0;1;0;1;1;"non";"non";"barnagaud"
"4157";"682A_2";NA;"corneille noire";0;0;0;0;0;1;0;1;1;"non";"non";"barnagaud"
"4170";"682A_2";NA;"corneille noire";0;0;0;2;2;0;0;2;2;"non";"non";"barnagaud"
"4172";"682A_2";NA;"corneille noire";0;0;0;1;0;0;0;1;1;"non";"non";"barnagaud"
"4174";"682A_2";NA;"corneille noire";0;0;0;0;0;2;0;2;2;"non";"non";"barnagaud"
"4198";"682B_2";NA;"corneille noire";0;0;0;0;1;1;0;1;1;"non";"non";"barnagaud"
"4200";"682B_2";NA;"corneille noire";0;0;0;0;1;0;0;1;1;"oui";"non";"barnagaud"
"4206";"682B_2";NA;"corneille noire";0;0;0;0;1;0;0;1;1;"non";"non";"barnagaud"
"4215";"682D_2";NA;"corneille noire";0;0;0;1;0;0;0;1;1;"non";"non";"barnagaud"
"4228";"682D_2";NA;"corneille noire";0;0;0;1;0;0;0;1;1;"non";"non";"barnagaud"
"4254";"682C_2";NA;"corneille noire";0;0;0;1;0;0;0;1;1;"non";"non";"barnagaud"
"4257";"682C_2";NA;"corneille noire";0;0;0;0;0;1;0;1;1;"non";"non";"barnagaud"
"4287";"695A_2";NA;"corneille noire";0;0;0;0;1;0;0;1;1;"non";"non";"barnagaud"
"4295";"695A_2";NA;"corneille noire";0;0;0;0;0;1;0;1;1;"non";"non";"barnagaud"
"4301";"695B_2";NA;"corneille noire";0;0;0;1;0;0;0;1;1;"non";"non";"barnagaud"
"4305";"695B_2";NA;"corneille noire";0;0;0;1;1;2;0;2;2;"non";"non";"barnagaud"
"4326";"689C_2";NA;"corneille noire";0;0;0;0;2;0;0;2;2;"non";"non";"barnagaud"
"4348";"689C_2";NA;"corneille noire";0;0;0;1;2;0;0;2;2;"non";"non";"barnagaud"
"4362";"689C_2";NA;"corneille noire";0;0;0;1;0;0;0;1;1;"non";"non";"barnagaud"
"4370";"689A_2";NA;"corneille noire";0;0;0;1;0;0;0;1;1;"non";"non";"barnagaud"
"4386";"689A_2";NA;"corneille noire";0;0;0;1;1;0;0;1;1;"non";"non";"barnagaud"
"4387";"689A_2";NA;"corneille noire";0;0;0;1;0;0;0;1;1;"non";"non";"barnagaud"
"4394";"689A_2";NA;"corneille noire";0;0;0;0;1;1;0;1;1;"non";"non";"barnagaud"
"4404";"689A_2";NA;"corneille noire";0;0;0;0;2;0;0;2;2;"non";"non";"barnagaud"
"4417";"689B_2";NA;"corneille noire";0;0;0;1;0;0;0;1;1;"non";"non";"barnagaud"
"4424";"689B_2";NA;"corneille noire";0;0;0;0;1;0;0;1;1;"non";"non";"barnagaud"
"4429";"689B_2";NA;"corneille noire";0;0;0;1;1;1;0;1;1;"non";"non";"barnagaud"
"4437";"689B_2";NA;"corneille noire";0;0;0;1;0;0;0;1;1;"non";"non";"barnagaud"
"4438";"689B_2";NA;"corneille noire";0;0;0;1;0;0;0;1;1;"non";"non";"barnagaud"
"4461";"689D_2";NA;"corneille noire";0;0;0;0;1;1;0;1;1;"non";"non";"barnagaud"
"4472";"689D_2";NA;"corneille noire";0;0;0;1;1;1;0;1;1;"non";"non";"barnagaud"
"4480";"689D_2";NA;"corneille noire";0;0;0;0;1;0;0;1;1;"non";"non";"barnagaud"
"4494";"695C_2";NA;"corneille noire";2;0;0;0;0;0;2;0;2;"non";"non";"barnagaud"
"4504";"695C_2";NA;"corneille noire";0;0;0;1;0;0;0;1;1;"non";"non";"barnagaud"
"4533";"695D_2";NA;"corneille noire";0;0;0;0;1;0;0;1;1;"non";"non";"barnagaud"
"4535";"695D_2";NA;"corneille noire";0;0;0;0;0;1;0;1;1;"non";"non";"barnagaud"
"4557";"791A_2";NA;"corneille noire";0;0;0;1;0;0;0;1;1;"non";"non";"barnagaud"
"4564";"791A_2";NA;"corneille noire";0;0;0;1;0;0;0;1;1;"non";"non";"barnagaud"
"4566";"791A_2";NA;"corneille noire";0;0;0;0;1;0;0;1;1;"non";"non";"barnagaud"
"4569";"791A_2";NA;"corneille noire";0;0;0;0;0;1;0;1;1;"non";"non";"barnagaud"
"4570";"791A_2";NA;"corneille noire";0;0;0;1;0;0;0;1;1;"non";"non";"barnagaud"
"4575";"791A_2";NA;"corneille noire";0;0;0;0;0;1;0;1;1;"non";"non";"barnagaud"
"4588";"791B_2";NA;"corneille noire";0;0;0;0;1;1;0;1;1;"non";"non";"barnagaud"
"4597";"791B_2";NA;"corneille noire";0;0;0;0;0;1;0;1;1;"non";"non";"barnagaud"
"4600";"791B_2";NA;"corneille noire";0;0;0;1;0;0;0;1;1;"non";"non";"barnagaud"
"4603";"791B_2";NA;"corneille noire";0;0;0;1;0;0;0;1;1;"non";"non";"barnagaud"
"4619";"791C_2";NA;"corneille noire";0;0;0;1;1;0;0;1;1;"non";"non";"barnagaud"
"4622";"791C_2";NA;"corneille noire";0;0;0;1;0;0;0;1;1;"non";"non";"barnagaud"
"4629";"791C_2";NA;"corneille noire";0;0;0;1;1;1;0;1;1;"non";"non";"barnagaud"
"4656";"791D_2";NA;"corneille noire";0;0;0;1;1;1;0;1;1;"non";"non";"barnagaud"
"4658";"791D_2";NA;"corneille noire";0;0;0;2;0;0;0;2;2;"oui";"non";"barnagaud"
"4660";"791D_2";NA;"corneille noire";0;0;0;1;0;0;0;1;1;"non";"non";"barnagaud"
"4666";"791D_2";NA;"corneille noire";0;0;0;0;1;1;0;1;1;"non";"non";"barnagaud"
"4673";"443A_2";NA;"corneille noire";0;0;3;0;0;0;3;0;3;"oui";"non";"barnagaud"
"4688";"443A_2";NA;"corneille noire";0;0;0;0;1;0;0;1;1;"non";"non";"barnagaud"
"4707";"443B_2";NA;"corneille noire";0;0;0;2;2;0;0;2;2;"non";"non";"barnagaud"
"4711";"443B_2";NA;"corneille noire";0;0;0;1;1;2;0;2;2;"non";"non";"barnagaud"
"4716";"443B_2";NA;"corneille noire";0;0;0;0;1;0;0;1;1;"non";"non";"barnagaud"
"4719";"443B_2";NA;"corneille noire";0;0;0;0;0;1;0;1;1;"non";"non";"barnagaud"
"4720";"443B_2";NA;"corneille noire";0;0;0;8;0;0;0;8;8;"non";"non";"barnagaud"
"4737";"443C_2";NA;"corneille noire";0;0;0;1;0;0;0;1;1;"non";"non";"barnagaud"
"4744";"443C_2";NA;"corneille noire";0;0;0;0;1;1;0;1;1;"non";"non";"barnagaud"
"4745";"443C_2";NA;"corneille noire";0;0;0;1;0;0;0;1;1;"non";"non";"barnagaud"
"4746";"443C_2";NA;"corneille noire";0;0;0;1;0;0;0;1;1;"non";"non";"barnagaud"
"4751";"443C_2";NA;"corneille noire";0;0;0;0;0;3;0;3;3;"non";"non";"barnagaud"
"4755";"443C_2";NA;"corneille noire";0;0;0;1;0;0;0;1;1;"non";"non";"barnagaud"
"4756";"443C_2";NA;"corneille noire";0;0;0;1;0;0;0;1;1;"non";"non";"barnagaud"
"4757";"443C_2";NA;"corneille noire";0;0;0;0;0;1;0;1;1;"non";"non";"barnagaud"
"4765";"443D_2";NA;"corneille noire";0;0;0;0;1;1;0;1;1;"non";"non";"barnagaud"
"4771";"443D_2";NA;"corneille noire";0;0;0;1;0;0;0;1;1;"non";"non";"barnagaud"
"4773";"443D_2";NA;"corneille noire";0;0;0;0;0;1;0;1;1;"non";"non";"barnagaud"
"4775";"443D_2";NA;"corneille noire";0;0;0;2;0;0;0;2;2;"non";"non";"barnagaud"
"4776";"443D_2";NA;"corneille noire";0;0;0;0;1;1;0;1;1;"non";"non";"barnagaud"
"4791";"058C_2";NA;"corneille noire";0;0;0;1;1;1;0;1;1;"non";"non";"barnagaud"
"4795";"058C_2";NA;"corneille noire";0;0;0;1;0;0;0;1;1;"non";"non";"barnagaud"
"4796";"058C_2";NA;"corneille noire";0;0;0;1;0;1;0;1;1;"non";"non";"barnagaud"
"4812";"058B_2";NA;"corneille noire";0;0;0;0;0;1;0;1;1;"non";"non";"barnagaud"
"4813";"058B_2";NA;"corneille noire";0;0;0;0;1;0;0;1;1;"non";"non";"barnagaud"
"4822";"058B_2";NA;"corneille noire";0;0;0;0;0;1;0;1;1;"oui";"non";"barnagaud"
"4828";"058B_2";NA;"corneille noire";0;0;0;1;0;0;0;1;1;"non";"non";"barnagaud"
"4850";"058A_2";NA;"corneille noire";0;0;0;1;0;0;0;1;1;"oui";"non";"barnagaud"
"4856";"058A_2";NA;"corneille noire";0;0;0;3;3;3;0;3;3;"non";"non";"barnagaud"
"4862";"058A_2";NA;"corneille noire";0;0;0;0;1;0;0;1;1;"non";"non";"barnagaud"
"4863";"058A_2";NA;"corneille noire";0;0;0;1;0;0;0;1;1;"non";"non";"barnagaud"
"4868";"058A_2";NA;"corneille noire";0;0;0;0;1;0;0;1;1;"non";"non";"barnagaud"
"4871";"058A_2";NA;"corneille noire";0;0;0;1;0;0;0;1;1;"non";"non";"barnagaud"
"4878";"058D_2";NA;"corneille noire";0;0;0;1;0;0;0;1;1;"oui";"non";"barnagaud"
"4880";"058D_2";NA;"corneille noire";0;0;0;1;0;0;0;1;1;"non";"non";"barnagaud"
"4886";"058D_2";NA;"corneille noire";0;0;0;0;1;0;0;1;1;"oui";"non";"barnagaud"
"4889";"058D_2";NA;"corneille noire";0;0;0;0;1;0;0;1;1;"oui";"non";"barnagaud"
"4890";"058D_2";NA;"corneille noire";0;0;0;0;0;2;0;2;2;"oui";"non";"barnagaud"
"4891";"058D_2";NA;"corneille noire";0;0;0;0;0;1;0;1;1;"oui";"non";"barnagaud"
"4893";"058D_2";NA;"corneille noire";0;0;0;0;0;1;0;1;1;"oui";"non";"barnagaud"
"4894";"058D_2";NA;"corneille noire";0;0;0;1;0;0;0;1;1;"oui";"non";"barnagaud"
"4899";"058D_2";NA;"corneille noire";0;0;0;1;0;0;0;1;1;"non";"non";"barnagaud"
"4901";"058D_2";NA;"corneille noire";0;0;0;1;0;0;0;1;1;"oui";"non";"barnagaud"
"4913";"168A_2";NA;"corneille noire";0;0;0;0;0;1;0;1;1;"non";"non";"barnagaud"
"4923";"168A_2";NA;"corneille noire";0;0;0;1;0;0;0;1;1;"non";"non";"barnagaud"
"4927";"168A_2";NA;"corneille noire";0;0;0;1;0;0;0;1;1;"non";"non";"barnagaud"
"4928";"168A_2";NA;"corneille noire";0;0;0;1;0;0;0;1;1;"non";"non";"barnagaud"
"4944";"168C_2";NA;"corneille noire";0;0;0;1;1;0;0;1;1;"non";"non";"barnagaud"
"4945";"168C_2";NA;"corneille noire";0;0;0;1;1;1;0;1;1;"non";"non";"barnagaud"
"4950";"168C_2";NA;"corneille noire";0;0;0;0;1;0;0;1;1;"non";"non";"barnagaud"
"4954";"168C_2";NA;"corneille noire";0;0;0;1;1;1;0;1;1;"non";"non";"barnagaud"
"4963";"168C_2";NA;"corneille noire";0;0;0;0;0;1;0;1;1;"non";"non";"barnagaud"
"4964";"168C_2";NA;"corneille noire";0;0;0;1;0;1;0;1;1;"non";"non";"barnagaud"
"4980";"168D_2";NA;"corneille noire";0;0;0;1;0;1;0;1;1;"non";"non";"barnagaud"
"4993";"168D_2";NA;"corneille noire";0;0;0;2;0;0;0;2;2;"oui";"non";"barnagaud"
"4996";"168D_2";NA;"corneille noire";0;0;0;1;1;1;0;1;1;"non";"non";"barnagaud"
"5015";"168B_2";NA;"corneille noire";0;0;0;0;0;1;0;1;1;"non";"non";"barnagaud"
"5018";"168B_2";NA;"corneille noire";0;0;0;5;5;5;0;5;5;"non";"non";"barnagaud"
"5040";"166B_2";NA;"corneille noire";0;0;0;1;0;0;0;1;1;"non";"non";"barnagaud"
"5050";"166B_2";NA;"corneille noire";0;0;0;1;1;1;0;1;1;"non";"non";"barnagaud"
"5052";"166B_2";NA;"corneille noire";0;0;0;0;0;1;0;1;1;"non";"non";"barnagaud"
"5091";"166D_2";NA;"corneille noire";0;0;0;0;1;0;0;1;1;"non";"non";"barnagaud"
"5098";"166D_2";NA;"corneille noire";0;0;0;0;1;1;0;1;1;"non";"non";"barnagaud"
"5119";"166C_2";NA;"corneille noire";0;0;0;1;0;0;0;1;1;"non";"non";"barnagaud"
"5124";"166C_2";NA;"corneille noire";0;0;0;2;0;0;0;2;2;"non";"non";"barnagaud"
"5127";"166C_2";NA;"corneille noire";0;0;0;0;1;1;0;1;1;"non";"non";"barnagaud"
"5140";"166C_2";NA;"corneille noire";0;0;0;0;0;1;0;1;1;"non";"non";"barnagaud"
"5141";"166C_2";NA;"corneille noire";0;0;0;0;1;0;0;1;1;"non";"non";"barnagaud"
"5174";"001D_2";1;"corneille noire";0;0;0;2;0;0;0;2;2;"non";"oui";"corbeau"
"5176";"001D_2";3;"corneille noire";0;0;0;2;2;2;0;2;2;"non";"oui";"corbeau"
"5183";"001D_2";10;"corneille noire";2;1;0;0;0;0;2;0;2;"non";"oui";"corbeau"
"5194";"143A_2";2;"corneille noire";0;0;0;1;2;3;0;3;3;"non";"oui";"corbeau"
"5214";"143A_2";22;"corneille noire";0;0;0;0;0;1;0;1;1;"non";"oui";"corbeau"
"5228";"143B_2";4;"corneille noire";0;0;0;1;0;0;0;1;1;"non";"oui";"corbeau"
"5239";"143B_2";15;"corneille noire";0;0;0;2;2;2;0;2;2;"non";"oui";"corbeau"
"5240";"143B_2";16;"corneille noire";0;0;0;0;0;1;0;1;1;"non";"oui";"corbeau"
"5259";"143C_2";3;"corneille noire";0;0;0;2;2;2;0;2;2;"non";"oui";"corbeau"
"5271";"143C_2";15;"corneille noire";0;0;0;1;0;0;0;1;1;"non";"oui";"corbeau"
"5277";"143C_2";21;"corneille noire";0;0;0;1;0;0;0;1;1;"non";"oui";"corbeau"
"5291";"143D_2";4;"corneille noire";0;0;0;1;0;0;0;1;1;"non";"oui";"corbeau"
"5304";"143D_2";17;"corneille noire";0;0;0;0;1;0;0;1;1;"non";"oui";"corbeau"
"5306";"143D_2";19;"corneille noire";0;0;0;1;0;1;0;1;1;"non";"oui";"corbeau"
"5311";"702A_2";3;"corneille noire";0;0;0;2;1;0;0;2;2;"non";"oui";"corbeau"
"5317";"702A_2";9;"corneille noire";0;0;0;1;1;0;0;1;1;"non";"oui";"corbeau"
"5321";"702A_2";13;"corneille noire";0;0;0;2;1;1;0;2;2;"non";"oui";"corbeau"
"5328";"702A_2";20;"corneille noire";0;0;0;1;2;0;0;2;2;"non";"oui";"corbeau"
"5332";"702A_2";24;"corneille noire";0;1;0;0;0;0;1;0;1;"non";"oui";"corbeau"
"5354";"702B_2";9;"corneille noire";0;0;0;1;0;0;0;1;1;"non";"oui";"corbeau"
"5375";"702C_2";7;"corneille noire";0;0;0;2;0;0;0;2;2;"non";"oui";"corbeau"
"5402";"702D_2";9;"corneille noire";0;0;0;0;0;1;0;1;1;"non";"oui";"corbeau"
"5406";"702D_2";13;"corneille noire";0;0;0;1;0;1;0;1;1;"non";"oui";"corbeau"
"5407";"702D_2";14;"corneille noire";0;0;0;0;1;1;0;1;1;"non";"oui";"corbeau"
"5423";"702D_2";30;"corneille noire";0;0;0;4;0;0;0;4;4;"non";"oui";"corbeau"
"5424";"702D_2";31;"corneille noire";0;0;0;1;0;0;0;1;1;"non";"oui";"corbeau"
"5433";"016A_2";1;"corneille noire";0;0;0;0;1;0;0;1;1;"oui";"oui";"corbeau"
"5436";"016A_2";4;"corneille noire";0;0;0;0;4;4;0;4;4;"non";"oui";"corbeau"
"5438";"016A_2";6;"corneille noire";0;0;0;1;5;7;0;7;7;"non";"oui";"corbeau"
"5443";"016A_2";11;"corneille noire";0;0;0;1;2;0;0;2;2;"non";"oui";"corbeau"
"5467";"016B_2";1;"corneille noire";0;0;0;2;5;3;0;5;5;"non";"oui";"corbeau"
"5470";"016B_2";4;"corneille noire";0;0;0;2;4;2;0;4;4;"non";"oui";"corbeau"
"5475";"016B_2";9;"corneille noire";0;0;0;2;2;0;0;2;2;"non";"oui";"corbeau"
"5483";"016C_2";1;"corneille noire";0;0;0;0;0;1;0;1;1;"non";"oui";"corbeau"
"5488";"016C_2";6;"corneille noire";0;0;0;0;1;2;0;2;2;"non";"oui";"corbeau"
"5497";"016C_2";15;"corneille noire";0;0;0;1;1;2;0;2;2;"non";"oui";"corbeau"
"5513";"016D_2";1;"corneille noire";0;0;0;4;0;2;0;4;4;"non";"oui";"corbeau"
"5525";"016D_2";13;"corneille noire";0;0;0;0;1;1;0;1;1;"non";"oui";"corbeau"
"5541";"199A_2";1;"corneille noire";0;0;0;3;0;2;0;3;3;"non";"oui";"corbeau"
"5555";"199A_2";15;"corneille noire";1;0;0;0;0;0;1;0;1;"oui";"oui";"corbeau"
"5557";"199A_2";17;"corneille noire";0;1;0;0;0;0;1;0;1;"oui";"oui";"corbeau"
"5589";"199C_2";5;"corneille noire";0;0;0;0;0;1;0;1;1;"oui";"oui";"corbeau"
"5595";"199C_2";11;"corneille noire";0;0;0;1;3;2;0;3;3;"non";"oui";"corbeau"
"5597";"199C_2";13;"corneille noire";0;0;0;0;1;0;0;1;1;"non";"oui";"corbeau"
"5601";"199C_2";17;"corneille noire";0;0;0;1;0;0;0;1;1;"non";"oui";"corbeau"
"5616";"199D_2";2;"corneille noire";0;0;0;1;1;1;0;1;1;"non";"oui";"corbeau"
"5624";"199D_2";10;"corneille noire";0;0;0;1;1;1;0;1;1;"non";"oui";"corbeau"
"5625";"199D_2";11;"corneille noire";0;0;0;1;1;1;0;1;1;"non";"oui";"corbeau"
"5628";"199D_2";14;"corneille noire";0;0;0;1;1;1;0;1;1;"non";"oui";"corbeau"
"5638";"199D_2";24;"corneille noire";0;0;0;0;2;0;0;2;2;"non";"oui";"corbeau"
"5650";"271A_2";3;"corneille noire";0;0;0;3;3;3;0;3;3;"non";"oui";"corbeau"
"5678";"271B_2";2;"corneille noire";0;0;0;4;0;0;0;4;4;"non";"oui";"corbeau"
"5684";"271B_2";8;"corneille noire";0;0;0;1;4;0;0;4;4;"non";"oui";"corbeau"
"5700";"271C_2";1;"corneille noire";0;0;0;1;4;2;0;4;4;"non";"oui";"corbeau"
"5712";"271C_2";13;"corneille noire";0;0;0;1;1;0;0;1;1;"non";"oui";"corbeau"
"5714";"271C_2";15;"corneille noire";0;0;0;0;1;1;0;1;1;"non";"oui";"corbeau"
"5735";"271D_2";6;"corneille noire";0;0;0;1;0;0;0;1;1;"non";"oui";"corbeau"
"5742";"271D_2";13;"corneille noire";0;0;0;0;1;1;0;1;1;"non";"oui";"corbeau"
"5757";"354A_2";3;"corneille noire";0;0;0;0;1;0;0;1;1;"non";"oui";"corbeau"
"5759";"354A_2";5;"corneille noire";0;0;0;0;6;0;0;6;6;"non";"oui";"corbeau"
"5783";"354B_2";2;"corneille noire";0;0;0;1;0;0;0;1;1;"non";"oui";"corbeau"
"5792";"354B_2";11;"corneille noire";0;0;0;0;1;0;0;1;1;"non";"oui";"corbeau"
"5812";"354C_2";5;"corneille noire";0;0;0;0;0;2;0;2;2;"non";"oui";"corbeau"
"5817";"354C_2";10;"corneille noire";0;0;0;0;1;0;0;1;1;"non";"oui";"corbeau"
"5838";"354D_2";1;"corneille noire";0;0;0;1;2;2;0;2;2;"non";"oui";"corbeau"
"5846";"354D_2";9;"corneille noire";0;0;0;1;1;0;0;1;1;"non";"oui";"corbeau"
"5850";"354D_2";13;"corneille noire";0;0;0;1;1;1;0;1;1;"non";"oui";"corbeau"
"5874";"434A_2";4;"corneille noire";0;0;0;1;0;0;0;1;1;"non";"oui";"corbeau"
"5888";"434A_2";18;"corneille noire";0;0;0;0;1;1;0;1;1;"non";"oui";"corbeau"
"5907";"434B_2";5;"corneille noire";0;0;0;1;0;0;0;1;1;"non";"oui";"corbeau"
"5910";"434B_2";8;"corneille noire";0;0;0;1;1;0;0;1;1;"non";"oui";"corbeau"
"5932";"434C_2";3;"corneille noire";0;0;0;1;0;0;0;1;1;"non";"oui";"corbeau"
"5971";"434D_2";9;"corneille noire";0;0;0;1;0;0;0;1;1;"non";"oui";"corbeau"
"5974";"434D_2";12;"corneille noire";0;0;0;0;1;0;0;1;1;"non";"oui";"corbeau"
"6004";"524A_2";7;"corneille noire";0;0;0;1;2;4;0;4;4;"non";"oui";"corbeau"
"6019";"524A_2";22;"corneille noire";0;0;0;1;0;0;0;1;1;"non";"oui";"corbeau"
"6032";"524B_2";2;"corneille noire";0;0;0;1;0;2;0;2;2;"non";"oui";"corbeau"
"6035";"524B_2";5;"corneille noire";0;0;0;1;2;0;0;2;2;"non";"oui";"corbeau"
"6066";"524C_2";3;"corneille noire";0;0;0;1;1;0;0;1;1;"non";"oui";"corbeau"
"6074";"524C_2";11;"corneille noire";0;0;0;1;1;2;0;2;2;"non";"oui";"corbeau"
"6075";"524C_2";12;"corneille noire";0;0;0;1;0;1;0;1;1;"non";"oui";"corbeau"
"6079";"524C_2";16;"corneille noire";0;0;0;0;0;1;0;1;1;"non";"oui";"corbeau"
"6097";"524D_2";2;"corneille noire";0;0;0;2;1;0;0;2;2;"non";"oui";"corbeau"
"6099";"524D_2";4;"corneille noire";0;0;0;1;1;1;0;1;1;"non";"oui";"corbeau"
"6104";"524D_2";9;"corneille noire";0;0;0;0;0;5;0;5;5;"non";"oui";"corbeau"
"6109";"524D_2";14;"corneille noire";0;0;0;1;0;0;0;1;1;"non";"oui";"corbeau"
"6113";"524D_2";18;"corneille noire";0;0;0;1;0;0;0;1;1;"non";"oui";"corbeau"
"6174";"771B_2";9;"corneille noire";0;0;0;1;0;0;0;1;1;"non";"oui";"corbeau"
"6199";"771C_2";10;"corneille noire";0;0;0;0;1;0;0;1;1;"non";"oui";"corbeau"
