point;espece;total
001A_1;pinson des arbres;2
001A_2;pinson des arbres;1
001B_1;pinson des arbres;5
001B_2;pinson des arbres;4
001C_1;pinson des arbres;4
001C_2;pinson des arbres;2
001D_1;pinson des arbres;4
001D_2;pinson des arbres;3
016A_1;pinson des arbres;3
016A_2;pinson des arbres;1
016B_1;pinson des arbres;1
016B_2;pinson des arbres;1
016C_1;pinson des arbres;3
016C_2;pinson des arbres;2
016D_1;pinson des arbres;4
016D_2;pinson des arbres;5
025A_1;pinson des arbres;5
025B_1;pinson des arbres;2
025C_1;pinson des arbres;3
025D_1;pinson des arbres;5
030A_1;pinson des arbres;4
030B_1;pinson des arbres;9
030C_1;pinson des arbres;3
030D_1;pinson des arbres;2
053A_1;pinson des arbres;0
053B_1;pinson des arbres;0
053C_1;pinson des arbres;0
053D_1;pinson des arbres;2
058A_1;pinson des arbres;4
058A_2;pinson des arbres;5
058B_1;pinson des arbres;7
058B_2;pinson des arbres;4
058C_1;pinson des arbres;4
058C_2;pinson des arbres;2
058D_1;pinson des arbres;4
058D_2;pinson des arbres;4
063A_1;pinson des arbres;1
063B_1;pinson des arbres;2
063C_1;pinson des arbres;3
063D_1;pinson des arbres;3
143A_1;pinson des arbres;5
143A_2;pinson des arbres;5
143B_1;pinson des arbres;5
143B_2;pinson des arbres;4
143C_1;pinson des arbres;2
143C_2;pinson des arbres;4
143D_1;pinson des arbres;5
143D_2;pinson des arbres;5
166A_1;pinson des arbres;3
166A_2;pinson des arbres;4
166B_1;pinson des arbres;2
166B_2;pinson des arbres;3
166C_1;pinson des arbres;4
166C_2;pinson des arbres;2
166D_1;pinson des arbres;6
166D_2;pinson des arbres;3
168A_1;pinson des arbres;2
168A_2;pinson des arbres;4
168B_1;pinson des arbres;3
168B_2;pinson des arbres;3
168C_1;pinson des arbres;2
168C_2;pinson des arbres;2
168D_1;pinson des arbres;5
168D_2;pinson des arbres;3
182A_1;pinson des arbres;4
182B_1;pinson des arbres;3
182C_1;pinson des arbres;3
182D_1;pinson des arbres;2
199A_1;pinson des arbres;2
199A_2;pinson des arbres;1
199B_1;pinson des arbres;5
199B_2;pinson des arbres;3
199C_1;pinson des arbres;4
199C_2;pinson des arbres;1
199D_1;pinson des arbres;4
199D_2;pinson des arbres;1
213A_1;pinson des arbres;3
213B_1;pinson des arbres;4
213C_1;pinson des arbres;3
213D_1;pinson des arbres;5
242A_1;pinson des arbres;3
242B_1;pinson des arbres;6
242C_1;pinson des arbres;3
242D_1;pinson des arbres;4
260A_1;pinson des arbres;3
260B_1;pinson des arbres;7
260C_1;pinson des arbres;3
260D_1;pinson des arbres;5
271A_1;pinson des arbres;5
271A_2;pinson des arbres;2
271B_1;pinson des arbres;7
271B_2;pinson des arbres;6
271C_1;pinson des arbres;2
271C_2;pinson des arbres;0
271D_1;pinson des arbres;5
271D_2;pinson des arbres;6
354A_1;pinson des arbres;2
354A_2;pinson des arbres;0
354B_1;pinson des arbres;1
354B_2;pinson des arbres;1
354C_1;pinson des arbres;3
354C_2;pinson des arbres;0
354D_1;pinson des arbres;5
354D_2;pinson des arbres;3
385A_1;pinson des arbres;3
385A_2;pinson des arbres;5
385B_1;pinson des arbres;1
385B_2;pinson des arbres;5
385C_1;pinson des arbres;0
385C_2;pinson des arbres;2
385D_1;pinson des arbres;3
385D_2;pinson des arbres;6
434A_1;pinson des arbres;2
434A_2;pinson des arbres;2
434B_1;pinson des arbres;8
434B_2;pinson des arbres;2
434C_1;pinson des arbres;2
434C_2;pinson des arbres;2
434D_1;pinson des arbres;2
434D_2;pinson des arbres;2
443A_1;pinson des arbres;6
443A_2;pinson des arbres;3
443B_1;pinson des arbres;3
443B_2;pinson des arbres;3
443C_1;pinson des arbres;3
443C_2;pinson des arbres;5
443D_1;pinson des arbres;1
443D_2;pinson des arbres;3
452A_1;pinson des arbres;2
452B_1;pinson des arbres;1
452C_1;pinson des arbres;3
452D_1;pinson des arbres;4
490A_1;pinson des arbres;1
490A_2;pinson des arbres;5
490B_1;pinson des arbres;1
490B_2;pinson des arbres;1
490C_1;pinson des arbres;4
490C_2;pinson des arbres;3
490D_1;pinson des arbres;5
490D_2;pinson des arbres;4
506A_1;pinson des arbres;2
506B_1;pinson des arbres;6
506C_1;pinson des arbres;3
506D_1;pinson des arbres;1
524A_1;pinson des arbres;5
524A_2;pinson des arbres;3
524B_1;pinson des arbres;5
524B_2;pinson des arbres;3
524C_1;pinson des arbres;3
524C_2;pinson des arbres;2
524D_1;pinson des arbres;6
524D_2;pinson des arbres;4
682A_1;pinson des arbres;1
682A_2;pinson des arbres;5
682B_1;pinson des arbres;2
682B_2;pinson des arbres;6
682C_1;pinson des arbres;2
682C_2;pinson des arbres;3
682D_1;pinson des arbres;3
682D_2;pinson des arbres;5
689A_1;pinson des arbres;2
689A_2;pinson des arbres;5
689B_1;pinson des arbres;3
689B_2;pinson des arbres;4
689C_1;pinson des arbres;1
689C_2;pinson des arbres;6
689D_1;pinson des arbres;1
689D_2;pinson des arbres;6
695A_1;pinson des arbres;1
695A_2;pinson des arbres;3
695B_1;pinson des arbres;4
695B_2;pinson des arbres;4
695C_1;pinson des arbres;3
695C_2;pinson des arbres;3
695D_1;pinson des arbres;1
695D_2;pinson des arbres;3
702A_1;pinson des arbres;3
702A_2;pinson des arbres;3
702B_1;pinson des arbres;1
702B_2;pinson des arbres;6
702C_1;pinson des arbres;2
702C_2;pinson des arbres;1
702D_1;pinson des arbres;0
702D_2;pinson des arbres;5
708A_1;pinson des arbres;1
708A_2;pinson des arbres;4
708B_1;pinson des arbres;2
708B_2;pinson des arbres;6
708C_1;pinson des arbres;3
708C_2;pinson des arbres;6
708D_1;pinson des arbres;2
708D_2;pinson des arbres;5
771A_1;pinson des arbres;8
771A_2;pinson des arbres;4
771B_1;pinson des arbres;5
771B_2;pinson des arbres;3
771C_1;pinson des arbres;2
771C_2;pinson des arbres;2
771D_1;pinson des arbres;6
771D_2;pinson des arbres;2
791A_1;pinson des arbres;2
791A_2;pinson des arbres;3
791B_1;pinson des arbres;3
791B_2;pinson des arbres;4
791C_1;pinson des arbres;3
791C_2;pinson des arbres;6
791D_1;pinson des arbres;2
791D_2;pinson des arbres;4
001A_1;corneille noire;0
001A_2;corneille noire;4
001B_1;corneille noire;3
001B_2;corneille noire;5
001C_1;corneille noire;10
001C_2;corneille noire;2
001D_1;corneille noire;6
001D_2;corneille noire;6
016A_1;corneille noire;8
016A_2;corneille noire;14
016B_1;corneille noire;6
016B_2;corneille noire;11
016C_1;corneille noire;13
016C_2;corneille noire;5
016D_1;corneille noire;12
016D_2;corneille noire;5
025A_1;corneille noire;7
025B_1;corneille noire;2
025C_1;corneille noire;8
025D_1;corneille noire;5
030A_1;corneille noire;11
030B_1;corneille noire;9
030C_1;corneille noire;12
030D_1;corneille noire;10
053A_1;corneille noire;2
053B_1;corneille noire;0
053C_1;corneille noire;0
053D_1;corneille noire;0
058A_1;corneille noire;2
058A_2;corneille noire;8
058B_1;corneille noire;1
058B_2;corneille noire;4
058C_1;corneille noire;2
058C_2;corneille noire;3
058D_1;corneille noire;7
058D_2;corneille noire;11
063A_1;corneille noire;5
063B_1;corneille noire;3
063C_1;corneille noire;11
063D_1;corneille noire;4
143A_1;corneille noire;0
143A_2;corneille noire;4
143B_1;corneille noire;2
143B_2;corneille noire;4
143C_1;corneille noire;7
143C_2;corneille noire;4
143D_1;corneille noire;11
143D_2;corneille noire;3
166A_1;corneille noire;3
166A_2;corneille noire;0
166B_1;corneille noire;1
166B_2;corneille noire;3
166C_1;corneille noire;4
166C_2;corneille noire;6
166D_1;corneille noire;4
166D_2;corneille noire;2
168A_1;corneille noire;2
168A_2;corneille noire;4
168B_1;corneille noire;5
168B_2;corneille noire;6
168C_1;corneille noire;5
168C_2;corneille noire;6
168D_1;corneille noire;4
168D_2;corneille noire;4
182A_1;corneille noire;3
182B_1;corneille noire;3
182C_1;corneille noire;7
182D_1;corneille noire;6
199A_1;corneille noire;2
199A_2;corneille noire;5
199B_1;corneille noire;2
199B_2;corneille noire;0
199C_1;corneille noire;6
199C_2;corneille noire;6
199D_1;corneille noire;3
199D_2;corneille noire;6
213A_1;corneille noire;11
213B_1;corneille noire;4
213C_1;corneille noire;6
213D_1;corneille noire;5
242A_1;corneille noire;3
242B_1;corneille noire;1
242C_1;corneille noire;1
242D_1;corneille noire;1
260A_1;corneille noire;2
260B_1;corneille noire;1
260C_1;corneille noire;2
260D_1;corneille noire;2
271A_1;corneille noire;10
271A_2;corneille noire;3
271B_1;corneille noire;1
271B_2;corneille noire;8
271C_1;corneille noire;8
271C_2;corneille noire;6
271D_1;corneille noire;7
271D_2;corneille noire;2
354A_1;corneille noire;2
354A_2;corneille noire;7
354B_1;corneille noire;2
354B_2;corneille noire;2
354C_1;corneille noire;3
354C_2;corneille noire;3
354D_1;corneille noire;4
354D_2;corneille noire;4
385A_1;corneille noire;0
385A_2;corneille noire;7
385B_1;corneille noire;4
385B_2;corneille noire;2
385C_1;corneille noire;1
385C_2;corneille noire;3
385D_1;corneille noire;2
385D_2;corneille noire;1
434A_1;corneille noire;6
434A_2;corneille noire;2
434B_1;corneille noire;1
434B_2;corneille noire;2
434C_1;corneille noire;0
434C_2;corneille noire;1
434D_1;corneille noire;1
434D_2;corneille noire;2
443A_1;corneille noire;9
443A_2;corneille noire;4
443B_1;corneille noire;1
443B_2;corneille noire;14
443C_1;corneille noire;2
443C_2;corneille noire;10
443D_1;corneille noire;5
443D_2;corneille noire;6
452A_1;corneille noire;1
452B_1;corneille noire;5
452C_1;corneille noire;5
452D_1;corneille noire;5
490A_1;corneille noire;1
490A_2;corneille noire;0
490B_1;corneille noire;2
490B_2;corneille noire;7
490C_1;corneille noire;4
490C_2;corneille noire;6
490D_1;corneille noire;4
490D_2;corneille noire;11
506A_1;corneille noire;7
506B_1;corneille noire;2
506C_1;corneille noire;8
506D_1;corneille noire;2
524A_1;corneille noire;2
524A_2;corneille noire;5
524B_1;corneille noire;1
524B_2;corneille noire;4
524C_1;corneille noire;2
524C_2;corneille noire;5
524D_1;corneille noire;3
524D_2;corneille noire;10
682A_1;corneille noire;2
682A_2;corneille noire;7
682B_1;corneille noire;2
682B_2;corneille noire;3
682C_1;corneille noire;2
682C_2;corneille noire;2
682D_1;corneille noire;1
682D_2;corneille noire;2
689A_1;corneille noire;3
689A_2;corneille noire;6
689B_1;corneille noire;8
689B_2;corneille noire;5
689C_1;corneille noire;3
689C_2;corneille noire;5
689D_1;corneille noire;6
689D_2;corneille noire;3
695A_1;corneille noire;11
695A_2;corneille noire;2
695B_1;corneille noire;2
695B_2;corneille noire;3
695C_1;corneille noire;0
695C_2;corneille noire;3
695D_1;corneille noire;3
695D_2;corneille noire;2
702A_1;corneille noire;0
702A_2;corneille noire;8
702B_1;corneille noire;0
702B_2;corneille noire;1
702C_1;corneille noire;0
702C_2;corneille noire;2
702D_1;corneille noire;0
702D_2;corneille noire;8
708A_1;corneille noire;1
708A_2;corneille noire;3
708B_1;corneille noire;15
708B_2;corneille noire;3
708C_1;corneille noire;1
708C_2;corneille noire;7
708D_1;corneille noire;2
708D_2;corneille noire;5
771A_1;corneille noire;4
771A_2;corneille noire;0
771B_1;corneille noire;4
771B_2;corneille noire;1
771C_1;corneille noire;4
771C_2;corneille noire;1
771D_1;corneille noire;1
771D_2;corneille noire;0
791A_1;corneille noire;2
791A_2;corneille noire;6
791B_1;corneille noire;3
791B_2;corneille noire;4
791C_1;corneille noire;1
791C_2;corneille noire;3
791D_1;corneille noire;10
791D_2;corneille noire;5
001A_1;pouillot veloce;3
001A_2;pouillot veloce;5
001B_1;pouillot veloce;2
001B_2;pouillot veloce;1
001C_1;pouillot veloce;3
001C_2;pouillot veloce;2
001D_1;pouillot veloce;1
001D_2;pouillot veloce;0
016A_1;pouillot veloce;2
016A_2;pouillot veloce;3
016B_1;pouillot veloce;2
016B_2;pouillot veloce;1
016C_1;pouillot veloce;3
016C_2;pouillot veloce;3
016D_1;pouillot veloce;1
016D_2;pouillot veloce;0
025A_1;pouillot veloce;1
025B_1;pouillot veloce;2
025C_1;pouillot veloce;2
025D_1;pouillot veloce;2
030A_1;pouillot veloce;2
030B_1;pouillot veloce;3
030C_1;pouillot veloce;1
030D_1;pouillot veloce;1
053A_1;pouillot veloce;2
053B_1;pouillot veloce;2
053C_1;pouillot veloce;2
053D_1;pouillot veloce;1
058A_1;pouillot veloce;1
058A_2;pouillot veloce;0
058B_1;pouillot veloce;0
058B_2;pouillot veloce;0
058C_1;pouillot veloce;4
058C_2;pouillot veloce;2
058D_1;pouillot veloce;1
058D_2;pouillot veloce;3
063A_1;pouillot veloce;1
063B_1;pouillot veloce;2
063C_1;pouillot veloce;2
063D_1;pouillot veloce;1
143A_1;pouillot veloce;1
143A_2;pouillot veloce;0
143B_1;pouillot veloce;2
143B_2;pouillot veloce;1
143C_1;pouillot veloce;5
143C_2;pouillot veloce;1
143D_1;pouillot veloce;3
143D_2;pouillot veloce;2
166A_1;pouillot veloce;1
166A_2;pouillot veloce;2
166B_1;pouillot veloce;3
166B_2;pouillot veloce;1
166C_1;pouillot veloce;1
166C_2;pouillot veloce;1
166D_1;pouillot veloce;2
166D_2;pouillot veloce;1
168A_1;pouillot veloce;3
168A_2;pouillot veloce;5
168B_1;pouillot veloce;2
168B_2;pouillot veloce;2
168C_1;pouillot veloce;3
168C_2;pouillot veloce;4
168D_1;pouillot veloce;1
168D_2;pouillot veloce;1
182A_1;pouillot veloce;3
182B_1;pouillot veloce;3
182C_1;pouillot veloce;2
182D_1;pouillot veloce;1
199A_1;pouillot veloce;1
199A_2;pouillot veloce;0
199B_1;pouillot veloce;1
199B_2;pouillot veloce;1
199C_1;pouillot veloce;1
199C_2;pouillot veloce;1
199D_1;pouillot veloce;3
199D_2;pouillot veloce;1
213A_1;pouillot veloce;4
213B_1;pouillot veloce;4
213C_1;pouillot veloce;3
213D_1;pouillot veloce;3
242A_1;pouillot veloce;2
242B_1;pouillot veloce;3
242C_1;pouillot veloce;2
242D_1;pouillot veloce;1
260A_1;pouillot veloce;3
260B_1;pouillot veloce;2
260C_1;pouillot veloce;3
260D_1;pouillot veloce;2
271A_1;pouillot veloce;2
271A_2;pouillot veloce;3
271B_1;pouillot veloce;2
271B_2;pouillot veloce;2
271C_1;pouillot veloce;3
271C_2;pouillot veloce;3
271D_1;pouillot veloce;0
271D_2;pouillot veloce;0
354A_1;pouillot veloce;2
354A_2;pouillot veloce;0
354B_1;pouillot veloce;0
354B_2;pouillot veloce;0
354C_1;pouillot veloce;2
354C_2;pouillot veloce;3
354D_1;pouillot veloce;1
354D_2;pouillot veloce;0
385A_1;pouillot veloce;1
385A_2;pouillot veloce;1
385B_1;pouillot veloce;1
385B_2;pouillot veloce;2
385C_1;pouillot veloce;1
385C_2;pouillot veloce;1
385D_1;pouillot veloce;1
385D_2;pouillot veloce;0
434A_1;pouillot veloce;2
434A_2;pouillot veloce;3
434B_1;pouillot veloce;2
434B_2;pouillot veloce;0
434C_1;pouillot veloce;3
434C_2;pouillot veloce;2
434D_1;pouillot veloce;2
434D_2;pouillot veloce;1
443A_1;pouillot veloce;1
443A_2;pouillot veloce;1
443B_1;pouillot veloce;2
443B_2;pouillot veloce;3
443C_1;pouillot veloce;3
443C_2;pouillot veloce;3
443D_1;pouillot veloce;1
443D_2;pouillot veloce;0
452A_1;pouillot veloce;2
452B_1;pouillot veloce;2
452C_1;pouillot veloce;4
452D_1;pouillot veloce;3
490A_1;pouillot veloce;3
490A_2;pouillot veloce;4
490B_1;pouillot veloce;2
490B_2;pouillot veloce;2
490C_1;pouillot veloce;1
490C_2;pouillot veloce;1
490D_1;pouillot veloce;1
490D_2;pouillot veloce;1
506A_1;pouillot veloce;1
506B_1;pouillot veloce;3
506C_1;pouillot veloce;3
506D_1;pouillot veloce;1
524A_1;pouillot veloce;1
524A_2;pouillot veloce;2
524B_1;pouillot veloce;4
524B_2;pouillot veloce;1
524C_1;pouillot veloce;4
524C_2;pouillot veloce;2
524D_1;pouillot veloce;2
524D_2;pouillot veloce;2
682A_1;pouillot veloce;2
682A_2;pouillot veloce;2
682B_1;pouillot veloce;2
682B_2;pouillot veloce;1
682C_1;pouillot veloce;4
682C_2;pouillot veloce;1
682D_1;pouillot veloce;1
682D_2;pouillot veloce;0
689A_1;pouillot veloce;1
689A_2;pouillot veloce;3
689B_1;pouillot veloce;2
689B_2;pouillot veloce;3
689C_1;pouillot veloce;1
689C_2;pouillot veloce;2
689D_1;pouillot veloce;2
689D_2;pouillot veloce;1
695A_1;pouillot veloce;3
695A_2;pouillot veloce;2
695B_1;pouillot veloce;2
695B_2;pouillot veloce;1
695C_1;pouillot veloce;2
695C_2;pouillot veloce;4
695D_1;pouillot veloce;1
695D_2;pouillot veloce;4
702A_1;pouillot veloce;3
702A_2;pouillot veloce;1
702B_1;pouillot veloce;1
702B_2;pouillot veloce;1
702C_1;pouillot veloce;1
702C_2;pouillot veloce;1
702D_1;pouillot veloce;0
702D_2;pouillot veloce;1
708A_1;pouillot veloce;1
708A_2;pouillot veloce;3
708B_1;pouillot veloce;1
708B_2;pouillot veloce;1
708C_1;pouillot veloce;2
708C_2;pouillot veloce;4
708D_1;pouillot veloce;1
708D_2;pouillot veloce;3
771A_1;pouillot veloce;1
771A_2;pouillot veloce;2
771B_1;pouillot veloce;4
771B_2;pouillot veloce;1
771C_1;pouillot veloce;3
771C_2;pouillot veloce;1
771D_1;pouillot veloce;1
771D_2;pouillot veloce;4
791A_1;pouillot veloce;1
791A_2;pouillot veloce;1
791B_1;pouillot veloce;3
791B_2;pouillot veloce;2
791C_1;pouillot veloce;2
791C_2;pouillot veloce;4
791D_1;pouillot veloce;2
791D_2;pouillot veloce;0
001A_1;tourterelle des bois;0
001A_2;tourterelle des bois;0
001B_1;tourterelle des bois;0
001B_2;tourterelle des bois;0
001C_1;tourterelle des bois;0
001C_2;tourterelle des bois;0
001D_1;tourterelle des bois;0
001D_2;tourterelle des bois;0
016A_1;tourterelle des bois;0
016A_2;tourterelle des bois;0
016B_1;tourterelle des bois;0
016B_2;tourterelle des bois;0
016C_1;tourterelle des bois;0
016C_2;tourterelle des bois;0
016D_1;tourterelle des bois;0
016D_2;tourterelle des bois;0
025A_1;tourterelle des bois;0
025B_1;tourterelle des bois;0
025C_1;tourterelle des bois;0
025D_1;tourterelle des bois;0
030A_1;tourterelle des bois;0
030B_1;tourterelle des bois;0
030C_1;tourterelle des bois;0
030D_1;tourterelle des bois;0
053A_1;tourterelle des bois;0
053B_1;tourterelle des bois;0
053C_1;tourterelle des bois;0
053D_1;tourterelle des bois;0
058A_1;tourterelle des bois;0
058A_2;tourterelle des bois;0
058B_1;tourterelle des bois;0
058B_2;tourterelle des bois;0
058C_1;tourterelle des bois;0
058C_2;tourterelle des bois;0
058D_1;tourterelle des bois;0
058D_2;tourterelle des bois;0
063A_1;tourterelle des bois;0
063B_1;tourterelle des bois;0
063C_1;tourterelle des bois;0
063D_1;tourterelle des bois;0
143A_1;tourterelle des bois;0
143A_2;tourterelle des bois;0
143B_1;tourterelle des bois;0
143B_2;tourterelle des bois;0
143C_1;tourterelle des bois;0
143C_2;tourterelle des bois;0
143D_1;tourterelle des bois;0
143D_2;tourterelle des bois;0
166A_1;tourterelle des bois;0
166A_2;tourterelle des bois;0
166B_1;tourterelle des bois;0
166B_2;tourterelle des bois;0
166C_1;tourterelle des bois;0
166C_2;tourterelle des bois;0
166D_1;tourterelle des bois;0
166D_2;tourterelle des bois;0
168A_1;tourterelle des bois;0
168A_2;tourterelle des bois;0
168B_1;tourterelle des bois;0
168B_2;tourterelle des bois;0
168C_1;tourterelle des bois;0
168C_2;tourterelle des bois;0
168D_1;tourterelle des bois;0
168D_2;tourterelle des bois;0
182A_1;tourterelle des bois;0
182B_1;tourterelle des bois;0
182C_1;tourterelle des bois;0
182D_1;tourterelle des bois;0
199A_1;tourterelle des bois;0
199A_2;tourterelle des bois;0
199B_1;tourterelle des bois;0
199B_2;tourterelle des bois;0
199C_1;tourterelle des bois;0
199C_2;tourterelle des bois;1
199D_1;tourterelle des bois;0
199D_2;tourterelle des bois;0
213A_1;tourterelle des bois;1
213B_1;tourterelle des bois;1
213C_1;tourterelle des bois;0
213D_1;tourterelle des bois;1
242A_1;tourterelle des bois;0
242B_1;tourterelle des bois;0
242C_1;tourterelle des bois;0
242D_1;tourterelle des bois;0
260A_1;tourterelle des bois;0
260B_1;tourterelle des bois;0
260C_1;tourterelle des bois;0
260D_1;tourterelle des bois;0
271A_1;tourterelle des bois;0
271A_2;tourterelle des bois;0
271B_1;tourterelle des bois;0
271B_2;tourterelle des bois;0
271C_1;tourterelle des bois;0
271C_2;tourterelle des bois;0
271D_1;tourterelle des bois;0
271D_2;tourterelle des bois;0
354A_1;tourterelle des bois;0
354A_2;tourterelle des bois;2
354B_1;tourterelle des bois;1
354B_2;tourterelle des bois;0
354C_1;tourterelle des bois;0
354C_2;tourterelle des bois;0
354D_1;tourterelle des bois;0
354D_2;tourterelle des bois;0
385A_1;tourterelle des bois;0
385A_2;tourterelle des bois;2
385B_1;tourterelle des bois;0
385B_2;tourterelle des bois;1
385C_1;tourterelle des bois;0
385C_2;tourterelle des bois;1
385D_1;tourterelle des bois;0
385D_2;tourterelle des bois;1
434A_1;tourterelle des bois;0
434A_2;tourterelle des bois;0
434B_1;tourterelle des bois;1
434B_2;tourterelle des bois;0
434C_1;tourterelle des bois;0
434C_2;tourterelle des bois;1
434D_1;tourterelle des bois;1
434D_2;tourterelle des bois;1
443A_1;tourterelle des bois;0
443A_2;tourterelle des bois;0
443B_1;tourterelle des bois;0
443B_2;tourterelle des bois;0
443C_1;tourterelle des bois;0
443C_2;tourterelle des bois;0
443D_1;tourterelle des bois;0
443D_2;tourterelle des bois;0
452A_1;tourterelle des bois;0
452B_1;tourterelle des bois;0
452C_1;tourterelle des bois;0
452D_1;tourterelle des bois;0
490A_1;tourterelle des bois;0
490A_2;tourterelle des bois;0
490B_1;tourterelle des bois;0
490B_2;tourterelle des bois;0
490C_1;tourterelle des bois;0
490C_2;tourterelle des bois;0
490D_1;tourterelle des bois;0
490D_2;tourterelle des bois;0
506A_1;tourterelle des bois;0
506B_1;tourterelle des bois;0
506C_1;tourterelle des bois;0
506D_1;tourterelle des bois;0
524A_1;tourterelle des bois;0
524A_2;tourterelle des bois;0
524B_1;tourterelle des bois;1
524B_2;tourterelle des bois;0
524C_1;tourterelle des bois;1
524C_2;tourterelle des bois;0
524D_1;tourterelle des bois;2
524D_2;tourterelle des bois;0
682A_1;tourterelle des bois;0
682A_2;tourterelle des bois;0
682B_1;tourterelle des bois;0
682B_2;tourterelle des bois;0
682C_1;tourterelle des bois;0
682C_2;tourterelle des bois;0
682D_1;tourterelle des bois;0
682D_2;tourterelle des bois;0
689A_1;tourterelle des bois;0
689A_2;tourterelle des bois;0
689B_1;tourterelle des bois;0
689B_2;tourterelle des bois;0
689C_1;tourterelle des bois;0
689C_2;tourterelle des bois;0
689D_1;tourterelle des bois;0
689D_2;tourterelle des bois;0
695A_1;tourterelle des bois;0
695A_2;tourterelle des bois;0
695B_1;tourterelle des bois;0
695B_2;tourterelle des bois;0
695C_1;tourterelle des bois;0
695C_2;tourterelle des bois;0
695D_1;tourterelle des bois;0
695D_2;tourterelle des bois;0
702A_1;tourterelle des bois;0
702A_2;tourterelle des bois;0
702B_1;tourterelle des bois;0
702B_2;tourterelle des bois;0
702C_1;tourterelle des bois;0
702C_2;tourterelle des bois;0
702D_1;tourterelle des bois;0
702D_2;tourterelle des bois;0
708A_1;tourterelle des bois;0
708A_2;tourterelle des bois;0
708B_1;tourterelle des bois;0
708B_2;tourterelle des bois;0
708C_1;tourterelle des bois;0
708C_2;tourterelle des bois;0
708D_1;tourterelle des bois;0
708D_2;tourterelle des bois;0
771A_1;tourterelle des bois;0
771A_2;tourterelle des bois;0
771B_1;tourterelle des bois;0
771B_2;tourterelle des bois;0
771C_1;tourterelle des bois;0
771C_2;tourterelle des bois;0
771D_1;tourterelle des bois;0
771D_2;tourterelle des bois;0
791A_1;tourterelle des bois;0
791A_2;tourterelle des bois;0
791B_1;tourterelle des bois;0
791B_2;tourterelle des bois;0
791C_1;tourterelle des bois;0
791C_2;tourterelle des bois;0
791D_1;tourterelle des bois;0
791D_2;tourterelle des bois;0
001A_1;pic epeiche;1
001A_2;pic epeiche;2
001B_1;pic epeiche;1
001B_2;pic epeiche;2
001C_1;pic epeiche;1
001C_2;pic epeiche;0
001D_1;pic epeiche;0
001D_2;pic epeiche;0
016A_1;pic epeiche;0
016A_2;pic epeiche;0
016B_1;pic epeiche;0
016B_2;pic epeiche;0
016C_1;pic epeiche;0
016C_2;pic epeiche;0
016D_1;pic epeiche;1
016D_2;pic epeiche;0
025A_1;pic epeiche;0
025B_1;pic epeiche;0
025C_1;pic epeiche;0
025D_1;pic epeiche;0
030A_1;pic epeiche;0
030B_1;pic epeiche;1
030C_1;pic epeiche;0
030D_1;pic epeiche;0
053A_1;pic epeiche;0
053B_1;pic epeiche;1
053C_1;pic epeiche;0
053D_1;pic epeiche;0
058A_1;pic epeiche;0
058A_2;pic epeiche;1
058B_1;pic epeiche;0
058B_2;pic epeiche;0
058C_1;pic epeiche;0
058C_2;pic epeiche;0
058D_1;pic epeiche;0
058D_2;pic epeiche;0
063A_1;pic epeiche;0
063B_1;pic epeiche;1
063C_1;pic epeiche;0
063D_1;pic epeiche;0
143A_1;pic epeiche;0
143A_2;pic epeiche;0
143B_1;pic epeiche;0
143B_2;pic epeiche;0
143C_1;pic epeiche;2
143C_2;pic epeiche;0
143D_1;pic epeiche;0
143D_2;pic epeiche;0
166A_1;pic epeiche;0
166A_2;pic epeiche;0
166B_1;pic epeiche;1
166B_2;pic epeiche;1
166C_1;pic epeiche;0
166C_2;pic epeiche;1
166D_1;pic epeiche;0
166D_2;pic epeiche;1
168A_1;pic epeiche;0
168A_2;pic epeiche;0
168B_1;pic epeiche;0
168B_2;pic epeiche;0
168C_1;pic epeiche;0
168C_2;pic epeiche;0
168D_1;pic epeiche;0
168D_2;pic epeiche;1
182A_1;pic epeiche;0
182B_1;pic epeiche;0
182C_1;pic epeiche;2
182D_1;pic epeiche;0
199A_1;pic epeiche;0
199A_2;pic epeiche;0
199B_1;pic epeiche;0
199B_2;pic epeiche;0
199C_1;pic epeiche;0
199C_2;pic epeiche;0
199D_1;pic epeiche;0
199D_2;pic epeiche;0
213A_1;pic epeiche;0
213B_1;pic epeiche;0
213C_1;pic epeiche;2
213D_1;pic epeiche;0
242A_1;pic epeiche;0
242B_1;pic epeiche;0
242C_1;pic epeiche;0
242D_1;pic epeiche;0
260A_1;pic epeiche;0
260B_1;pic epeiche;0
260C_1;pic epeiche;0
260D_1;pic epeiche;0
271A_1;pic epeiche;0
271A_2;pic epeiche;1
271B_1;pic epeiche;0
271B_2;pic epeiche;0
271C_1;pic epeiche;0
271C_2;pic epeiche;1
271D_1;pic epeiche;1
271D_2;pic epeiche;0
354A_1;pic epeiche;0
354A_2;pic epeiche;0
354B_1;pic epeiche;0
354B_2;pic epeiche;0
354C_1;pic epeiche;0
354C_2;pic epeiche;0
354D_1;pic epeiche;0
354D_2;pic epeiche;0
385A_1;pic epeiche;0
385A_2;pic epeiche;1
385B_1;pic epeiche;0
385B_2;pic epeiche;0
385C_1;pic epeiche;0
385C_2;pic epeiche;0
385D_1;pic epeiche;0
385D_2;pic epeiche;0
434A_1;pic epeiche;0
434A_2;pic epeiche;0
434B_1;pic epeiche;0
434B_2;pic epeiche;0
434C_1;pic epeiche;1
434C_2;pic epeiche;0
434D_1;pic epeiche;1
434D_2;pic epeiche;1
443A_1;pic epeiche;0
443A_2;pic epeiche;0
443B_1;pic epeiche;3
443B_2;pic epeiche;0
443C_1;pic epeiche;1
443C_2;pic epeiche;1
443D_1;pic epeiche;1
443D_2;pic epeiche;0
452A_1;pic epeiche;0
452B_1;pic epeiche;0
452C_1;pic epeiche;0
452D_1;pic epeiche;0
490A_1;pic epeiche;0
490A_2;pic epeiche;1
490B_1;pic epeiche;0
490B_2;pic epeiche;0
490C_1;pic epeiche;0
490C_2;pic epeiche;0
490D_1;pic epeiche;0
490D_2;pic epeiche;2
506A_1;pic epeiche;0
506B_1;pic epeiche;0
506C_1;pic epeiche;0
506D_1;pic epeiche;0
524A_1;pic epeiche;0
524A_2;pic epeiche;0
524B_1;pic epeiche;0
524B_2;pic epeiche;0
524C_1;pic epeiche;0
524C_2;pic epeiche;0
524D_1;pic epeiche;0
524D_2;pic epeiche;0
682A_1;pic epeiche;0
682A_2;pic epeiche;0
682B_1;pic epeiche;0
682B_2;pic epeiche;0
682C_1;pic epeiche;1
682C_2;pic epeiche;0
682D_1;pic epeiche;0
682D_2;pic epeiche;0
689A_1;pic epeiche;0
689A_2;pic epeiche;0
689B_1;pic epeiche;0
689B_2;pic epeiche;0
689C_1;pic epeiche;0
689C_2;pic epeiche;0
689D_1;pic epeiche;0
689D_2;pic epeiche;1
695A_1;pic epeiche;0
695A_2;pic epeiche;0
695B_1;pic epeiche;1
695B_2;pic epeiche;2
695C_1;pic epeiche;0
695C_2;pic epeiche;0
695D_1;pic epeiche;0
695D_2;pic epeiche;0
702A_1;pic epeiche;0
702A_2;pic epeiche;0
702B_1;pic epeiche;0
702B_2;pic epeiche;0
702C_1;pic epeiche;0
702C_2;pic epeiche;0
702D_1;pic epeiche;0
702D_2;pic epeiche;0
708A_1;pic epeiche;0
708A_2;pic epeiche;2
708B_1;pic epeiche;0
708B_2;pic epeiche;0
708C_1;pic epeiche;0
708C_2;pic epeiche;1
708D_1;pic epeiche;0
708D_2;pic epeiche;0
771A_1;pic epeiche;0
771A_2;pic epeiche;1
771B_1;pic epeiche;1
771B_2;pic epeiche;4
771C_1;pic epeiche;0
771C_2;pic epeiche;0
771D_1;pic epeiche;0
771D_2;pic epeiche;2
791A_1;pic epeiche;0
791A_2;pic epeiche;2
791B_1;pic epeiche;0
791B_2;pic epeiche;2
791C_1;pic epeiche;0
791C_2;pic epeiche;0
791D_1;pic epeiche;1
791D_2;pic epeiche;0
001A_1;etourneau sansonnet;0
001A_2;etourneau sansonnet;1
001B_1;etourneau sansonnet;2
001B_2;etourneau sansonnet;1
001C_1;etourneau sansonnet;2
001C_2;etourneau sansonnet;0
001D_1;etourneau sansonnet;0
001D_2;etourneau sansonnet;0
016A_1;etourneau sansonnet;2
016A_2;etourneau sansonnet;7
016B_1;etourneau sansonnet;0
016B_2;etourneau sansonnet;0
016C_1;etourneau sansonnet;2
016C_2;etourneau sansonnet;2
016D_1;etourneau sansonnet;28
016D_2;etourneau sansonnet;15
025A_1;etourneau sansonnet;1
025B_1;etourneau sansonnet;0
025C_1;etourneau sansonnet;5
025D_1;etourneau sansonnet;0
030A_1;etourneau sansonnet;0
030B_1;etourneau sansonnet;0
030C_1;etourneau sansonnet;5
030D_1;etourneau sansonnet;1
053A_1;etourneau sansonnet;1
053B_1;etourneau sansonnet;2
053C_1;etourneau sansonnet;2
053D_1;etourneau sansonnet;0
058A_1;etourneau sansonnet;4
058A_2;etourneau sansonnet;9
058B_1;etourneau sansonnet;0
058B_2;etourneau sansonnet;18
058C_1;etourneau sansonnet;1
058C_2;etourneau sansonnet;3
058D_1;etourneau sansonnet;2
058D_2;etourneau sansonnet;2
063A_1;etourneau sansonnet;1
063B_1;etourneau sansonnet;2
063C_1;etourneau sansonnet;3
063D_1;etourneau sansonnet;1
143A_1;etourneau sansonnet;0
143A_2;etourneau sansonnet;4
143B_1;etourneau sansonnet;3
143B_2;etourneau sansonnet;205
143C_1;etourneau sansonnet;16
143C_2;etourneau sansonnet;3
143D_1;etourneau sansonnet;13
143D_2;etourneau sansonnet;0
166A_1;etourneau sansonnet;0
166A_2;etourneau sansonnet;0
166B_1;etourneau sansonnet;2
166B_2;etourneau sansonnet;1
166C_1;etourneau sansonnet;7
166C_2;etourneau sansonnet;3
166D_1;etourneau sansonnet;1
166D_2;etourneau sansonnet;9
168A_1;etourneau sansonnet;4
168A_2;etourneau sansonnet;0
168B_1;etourneau sansonnet;0
168B_2;etourneau sansonnet;0
168C_1;etourneau sansonnet;2
168C_2;etourneau sansonnet;0
168D_1;etourneau sansonnet;1
168D_2;etourneau sansonnet;0
182A_1;etourneau sansonnet;4
182B_1;etourneau sansonnet;3
182C_1;etourneau sansonnet;0
182D_1;etourneau sansonnet;0
199A_1;etourneau sansonnet;0
199A_2;etourneau sansonnet;0
199B_1;etourneau sansonnet;2
199B_2;etourneau sansonnet;7
199C_1;etourneau sansonnet;7
199C_2;etourneau sansonnet;1
199D_1;etourneau sansonnet;2
199D_2;etourneau sansonnet;0
213A_1;etourneau sansonnet;0
213B_1;etourneau sansonnet;0
213C_1;etourneau sansonnet;3
213D_1;etourneau sansonnet;1
242A_1;etourneau sansonnet;4
242B_1;etourneau sansonnet;1
242C_1;etourneau sansonnet;2
242D_1;etourneau sansonnet;5
260A_1;etourneau sansonnet;1
260B_1;etourneau sansonnet;1
260C_1;etourneau sansonnet;4
260D_1;etourneau sansonnet;1
271A_1;etourneau sansonnet;0
271A_2;etourneau sansonnet;1
271B_1;etourneau sansonnet;0
271B_2;etourneau sansonnet;0
271C_1;etourneau sansonnet;0
271C_2;etourneau sansonnet;3
271D_1;etourneau sansonnet;2
271D_2;etourneau sansonnet;0
354A_1;etourneau sansonnet;7
354A_2;etourneau sansonnet;30
354B_1;etourneau sansonnet;0
354B_2;etourneau sansonnet;0
354C_1;etourneau sansonnet;0
354C_2;etourneau sansonnet;0
354D_1;etourneau sansonnet;0
354D_2;etourneau sansonnet;2
385A_1;etourneau sansonnet;1
385A_2;etourneau sansonnet;0
385B_1;etourneau sansonnet;2
385B_2;etourneau sansonnet;3
385C_1;etourneau sansonnet;11
385C_2;etourneau sansonnet;3
385D_1;etourneau sansonnet;0
385D_2;etourneau sansonnet;1
434A_1;etourneau sansonnet;4
434A_2;etourneau sansonnet;0
434B_1;etourneau sansonnet;2
434B_2;etourneau sansonnet;2
434C_1;etourneau sansonnet;0
434C_2;etourneau sansonnet;0
434D_1;etourneau sansonnet;0
434D_2;etourneau sansonnet;0
443A_1;etourneau sansonnet;0
443A_2;etourneau sansonnet;0
443B_1;etourneau sansonnet;1
443B_2;etourneau sansonnet;0
443C_1;etourneau sansonnet;2
443C_2;etourneau sansonnet;0
443D_1;etourneau sansonnet;0
443D_2;etourneau sansonnet;0
452A_1;etourneau sansonnet;2
452B_1;etourneau sansonnet;0
452C_1;etourneau sansonnet;3
452D_1;etourneau sansonnet;0
490A_1;etourneau sansonnet;1
490A_2;etourneau sansonnet;22
490B_1;etourneau sansonnet;2
490B_2;etourneau sansonnet;1
490C_1;etourneau sansonnet;8
490C_2;etourneau sansonnet;0
490D_1;etourneau sansonnet;2
490D_2;etourneau sansonnet;1
506A_1;etourneau sansonnet;0
506B_1;etourneau sansonnet;4
506C_1;etourneau sansonnet;3
506D_1;etourneau sansonnet;5
524A_1;etourneau sansonnet;0
524A_2;etourneau sansonnet;1
524B_1;etourneau sansonnet;0
524B_2;etourneau sansonnet;1
524C_1;etourneau sansonnet;0
524C_2;etourneau sansonnet;0
524D_1;etourneau sansonnet;0
524D_2;etourneau sansonnet;0
682A_1;etourneau sansonnet;20
682A_2;etourneau sansonnet;2
682B_1;etourneau sansonnet;2
682B_2;etourneau sansonnet;2
682C_1;etourneau sansonnet;3
682C_2;etourneau sansonnet;1
682D_1;etourneau sansonnet;7
682D_2;etourneau sansonnet;0
689A_1;etourneau sansonnet;2
689A_2;etourneau sansonnet;2
689B_1;etourneau sansonnet;1
689B_2;etourneau sansonnet;0
689C_1;etourneau sansonnet;0
689C_2;etourneau sansonnet;3
689D_1;etourneau sansonnet;5
689D_2;etourneau sansonnet;0
695A_1;etourneau sansonnet;8
695A_2;etourneau sansonnet;0
695B_1;etourneau sansonnet;0
695B_2;etourneau sansonnet;0
695C_1;etourneau sansonnet;3
695C_2;etourneau sansonnet;1
695D_1;etourneau sansonnet;4
695D_2;etourneau sansonnet;4
702A_1;etourneau sansonnet;1
702A_2;etourneau sansonnet;11
702B_1;etourneau sansonnet;6
702B_2;etourneau sansonnet;0
702C_1;etourneau sansonnet;1
702C_2;etourneau sansonnet;0
702D_1;etourneau sansonnet;1
702D_2;etourneau sansonnet;67
708A_1;etourneau sansonnet;6
708A_2;etourneau sansonnet;2
708B_1;etourneau sansonnet;2
708B_2;etourneau sansonnet;0
708C_1;etourneau sansonnet;2
708C_2;etourneau sansonnet;0
708D_1;etourneau sansonnet;19
708D_2;etourneau sansonnet;0
771A_1;etourneau sansonnet;1
771A_2;etourneau sansonnet;0
771B_1;etourneau sansonnet;0
771B_2;etourneau sansonnet;0
771C_1;etourneau sansonnet;0
771C_2;etourneau sansonnet;1
771D_1;etourneau sansonnet;0
771D_2;etourneau sansonnet;0
791A_1;etourneau sansonnet;0
791A_2;etourneau sansonnet;0
791B_1;etourneau sansonnet;0
791B_2;etourneau sansonnet;1
791C_1;etourneau sansonnet;0
791C_2;etourneau sansonnet;2
791D_1;etourneau sansonnet;0
791D_2;etourneau sansonnet;5
001A_1;caille des bles;0
001A_2;caille des bles;0
001B_1;caille des bles;0
001B_2;caille des bles;0
001C_1;caille des bles;0
001C_2;caille des bles;1
001D_1;caille des bles;0
001D_2;caille des bles;0
016A_1;caille des bles;0
016A_2;caille des bles;0
016B_1;caille des bles;0
016B_2;caille des bles;0
016C_1;caille des bles;0
016C_2;caille des bles;0
016D_1;caille des bles;0
016D_2;caille des bles;0
025A_1;caille des bles;0
025B_1;caille des bles;0
025C_1;caille des bles;0
025D_1;caille des bles;0
030A_1;caille des bles;0
030B_1;caille des bles;0
030C_1;caille des bles;0
030D_1;caille des bles;0
053A_1;caille des bles;0
053B_1;caille des bles;0
053C_1;caille des bles;0
053D_1;caille des bles;0
058A_1;caille des bles;0
058A_2;caille des bles;0
058B_1;caille des bles;0
058B_2;caille des bles;0
058C_1;caille des bles;0
058C_2;caille des bles;0
058D_1;caille des bles;0
058D_2;caille des bles;1
063A_1;caille des bles;0
063B_1;caille des bles;0
063C_1;caille des bles;0
063D_1;caille des bles;0
143A_1;caille des bles;0
143A_2;caille des bles;1
143B_1;caille des bles;0
143B_2;caille des bles;2
143C_1;caille des bles;0
143C_2;caille des bles;0
143D_1;caille des bles;0
143D_2;caille des bles;0
166A_1;caille des bles;0
166A_2;caille des bles;0
166B_1;caille des bles;0
166B_2;caille des bles;0
166C_1;caille des bles;0
166C_2;caille des bles;0
166D_1;caille des bles;0
166D_2;caille des bles;0
168A_1;caille des bles;0
168A_2;caille des bles;0
168B_1;caille des bles;0
168B_2;caille des bles;0
168C_1;caille des bles;0
168C_2;caille des bles;0
168D_1;caille des bles;0
168D_2;caille des bles;0
182A_1;caille des bles;0
182B_1;caille des bles;0
182C_1;caille des bles;0
182D_1;caille des bles;0
199A_1;caille des bles;0
199A_2;caille des bles;1
199B_1;caille des bles;0
199B_2;caille des bles;0
199C_1;caille des bles;0
199C_2;caille des bles;1
199D_1;caille des bles;0
199D_2;caille des bles;1
213A_1;caille des bles;0
213B_1;caille des bles;0
213C_1;caille des bles;0
213D_1;caille des bles;0
242A_1;caille des bles;0
242B_1;caille des bles;0
242C_1;caille des bles;0
242D_1;caille des bles;0
260A_1;caille des bles;0
260B_1;caille des bles;0
260C_1;caille des bles;0
260D_1;caille des bles;0
271A_1;caille des bles;0
271A_2;caille des bles;0
271B_1;caille des bles;0
271B_2;caille des bles;0
271C_1;caille des bles;0
271C_2;caille des bles;0
271D_1;caille des bles;0
271D_2;caille des bles;1
354A_1;caille des bles;0
354A_2;caille des bles;0
354B_1;caille des bles;0
354B_2;caille des bles;0
354C_1;caille des bles;0
354C_2;caille des bles;0
354D_1;caille des bles;0
354D_2;caille des bles;0
385A_1;caille des bles;0
385A_2;caille des bles;0
385B_1;caille des bles;0
385B_2;caille des bles;0
385C_1;caille des bles;0
385C_2;caille des bles;0
385D_1;caille des bles;0
385D_2;caille des bles;0
434A_1;caille des bles;0
434A_2;caille des bles;0
434B_1;caille des bles;0
434B_2;caille des bles;0
434C_1;caille des bles;0
434C_2;caille des bles;0
434D_1;caille des bles;0
434D_2;caille des bles;0
443A_1;caille des bles;0
443A_2;caille des bles;0
443B_1;caille des bles;0
443B_2;caille des bles;0
443C_1;caille des bles;0
443C_2;caille des bles;0
443D_1;caille des bles;0
443D_2;caille des bles;0
452A_1;caille des bles;0
452B_1;caille des bles;0
452C_1;caille des bles;0
452D_1;caille des bles;0
490A_1;caille des bles;0
490A_2;caille des bles;0
490B_1;caille des bles;0
490B_2;caille des bles;0
490C_1;caille des bles;0
490C_2;caille des bles;0
490D_1;caille des bles;0
490D_2;caille des bles;0
506A_1;caille des bles;0
506B_1;caille des bles;0
506C_1;caille des bles;0
506D_1;caille des bles;0
524A_1;caille des bles;0
524A_2;caille des bles;0
524B_1;caille des bles;0
524B_2;caille des bles;0
524C_1;caille des bles;0
524C_2;caille des bles;0
524D_1;caille des bles;0
524D_2;caille des bles;0
682A_1;caille des bles;0
682A_2;caille des bles;0
682B_1;caille des bles;0
682B_2;caille des bles;0
682C_1;caille des bles;0
682C_2;caille des bles;0
682D_1;caille des bles;0
682D_2;caille des bles;0
689A_1;caille des bles;0
689A_2;caille des bles;0
689B_1;caille des bles;0
689B_2;caille des bles;0
689C_1;caille des bles;0
689C_2;caille des bles;0
689D_1;caille des bles;0
689D_2;caille des bles;0
695A_1;caille des bles;0
695A_2;caille des bles;0
695B_1;caille des bles;0
695B_2;caille des bles;0
695C_1;caille des bles;0
695C_2;caille des bles;0
695D_1;caille des bles;0
695D_2;caille des bles;0
702A_1;caille des bles;0
702A_2;caille des bles;0
702B_1;caille des bles;0
702B_2;caille des bles;0
702C_1;caille des bles;0
702C_2;caille des bles;0
702D_1;caille des bles;0
702D_2;caille des bles;0
708A_1;caille des bles;0
708A_2;caille des bles;0
708B_1;caille des bles;0
708B_2;caille des bles;0
708C_1;caille des bles;0
708C_2;caille des bles;0
708D_1;caille des bles;0
708D_2;caille des bles;0
771A_1;caille des bles;0
771A_2;caille des bles;0
771B_1;caille des bles;0
771B_2;caille des bles;0
771C_1;caille des bles;0
771C_2;caille des bles;0
771D_1;caille des bles;0
771D_2;caille des bles;0
791A_1;caille des bles;0
791A_2;caille des bles;0
791B_1;caille des bles;0
791B_2;caille des bles;0
791C_1;caille des bles;0
791C_2;caille des bles;0
791D_1;caille des bles;0
791D_2;caille des bles;0
001A_1;mesange a longue queue;0
001A_2;mesange a longue queue;0
001B_1;mesange a longue queue;0
001B_2;mesange a longue queue;0
001C_1;mesange a longue queue;0
001C_2;mesange a longue queue;0
001D_1;mesange a longue queue;0
001D_2;mesange a longue queue;0
016A_1;mesange a longue queue;0
016A_2;mesange a longue queue;0
016B_1;mesange a longue queue;0
016B_2;mesange a longue queue;0
016C_1;mesange a longue queue;0
016C_2;mesange a longue queue;0
016D_1;mesange a longue queue;0
016D_2;mesange a longue queue;0
025A_1;mesange a longue queue;0
025B_1;mesange a longue queue;0
025C_1;mesange a longue queue;0
025D_1;mesange a longue queue;0
030A_1;mesange a longue queue;2
030B_1;mesange a longue queue;0
030C_1;mesange a longue queue;0
030D_1;mesange a longue queue;0
053A_1;mesange a longue queue;0
053B_1;mesange a longue queue;0
053C_1;mesange a longue queue;0
053D_1;mesange a longue queue;0
058A_1;mesange a longue queue;0
058A_2;mesange a longue queue;0
058B_1;mesange a longue queue;0
058B_2;mesange a longue queue;0
058C_1;mesange a longue queue;0
058C_2;mesange a longue queue;0
058D_1;mesange a longue queue;0
058D_2;mesange a longue queue;0
063A_1;mesange a longue queue;0
063B_1;mesange a longue queue;0
063C_1;mesange a longue queue;0
063D_1;mesange a longue queue;0
143A_1;mesange a longue queue;0
143A_2;mesange a longue queue;0
143B_1;mesange a longue queue;0
143B_2;mesange a longue queue;0
143C_1;mesange a longue queue;0
143C_2;mesange a longue queue;0
143D_1;mesange a longue queue;0
143D_2;mesange a longue queue;0
166A_1;mesange a longue queue;0
166A_2;mesange a longue queue;0
166B_1;mesange a longue queue;0
166B_2;mesange a longue queue;0
166C_1;mesange a longue queue;3
166C_2;mesange a longue queue;0
166D_1;mesange a longue queue;0
166D_2;mesange a longue queue;0
168A_1;mesange a longue queue;0
168A_2;mesange a longue queue;0
168B_1;mesange a longue queue;0
168B_2;mesange a longue queue;0
168C_1;mesange a longue queue;0
168C_2;mesange a longue queue;0
168D_1;mesange a longue queue;0
168D_2;mesange a longue queue;0
182A_1;mesange a longue queue;0
182B_1;mesange a longue queue;0
182C_1;mesange a longue queue;0
182D_1;mesange a longue queue;0
199A_1;mesange a longue queue;0
199A_2;mesange a longue queue;0
199B_1;mesange a longue queue;0
199B_2;mesange a longue queue;0
199C_1;mesange a longue queue;1
199C_2;mesange a longue queue;0
199D_1;mesange a longue queue;0
199D_2;mesange a longue queue;2
213A_1;mesange a longue queue;0
213B_1;mesange a longue queue;0
213C_1;mesange a longue queue;0
213D_1;mesange a longue queue;0
242A_1;mesange a longue queue;0
242B_1;mesange a longue queue;0
242C_1;mesange a longue queue;0
242D_1;mesange a longue queue;0
260A_1;mesange a longue queue;0
260B_1;mesange a longue queue;0
260C_1;mesange a longue queue;1
260D_1;mesange a longue queue;0
271A_1;mesange a longue queue;0
271A_2;mesange a longue queue;0
271B_1;mesange a longue queue;0
271B_2;mesange a longue queue;0
271C_1;mesange a longue queue;0
271C_2;mesange a longue queue;0
271D_1;mesange a longue queue;0
271D_2;mesange a longue queue;0
354A_1;mesange a longue queue;0
354A_2;mesange a longue queue;0
354B_1;mesange a longue queue;0
354B_2;mesange a longue queue;0
354C_1;mesange a longue queue;0
354C_2;mesange a longue queue;0
354D_1;mesange a longue queue;0
354D_2;mesange a longue queue;0
385A_1;mesange a longue queue;0
385A_2;mesange a longue queue;0
385B_1;mesange a longue queue;0
385B_2;mesange a longue queue;0
385C_1;mesange a longue queue;0
385C_2;mesange a longue queue;0
385D_1;mesange a longue queue;0
385D_2;mesange a longue queue;0
434A_1;mesange a longue queue;0
434A_2;mesange a longue queue;0
434B_1;mesange a longue queue;0
434B_2;mesange a longue queue;0
434C_1;mesange a longue queue;0
434C_2;mesange a longue queue;0
434D_1;mesange a longue queue;0
434D_2;mesange a longue queue;2
443A_1;mesange a longue queue;0
443A_2;mesange a longue queue;0
443B_1;mesange a longue queue;0
443B_2;mesange a longue queue;0
443C_1;mesange a longue queue;0
443C_2;mesange a longue queue;0
443D_1;mesange a longue queue;1
443D_2;mesange a longue queue;0
452A_1;mesange a longue queue;0
452B_1;mesange a longue queue;0
452C_1;mesange a longue queue;0
452D_1;mesange a longue queue;0
490A_1;mesange a longue queue;0
490A_2;mesange a longue queue;0
490B_1;mesange a longue queue;0
490B_2;mesange a longue queue;0
490C_1;mesange a longue queue;0
490C_2;mesange a longue queue;0
490D_1;mesange a longue queue;0
490D_2;mesange a longue queue;0
506A_1;mesange a longue queue;0
506B_1;mesange a longue queue;0
506C_1;mesange a longue queue;0
506D_1;mesange a longue queue;0
524A_1;mesange a longue queue;0
524A_2;mesange a longue queue;0
524B_1;mesange a longue queue;0
524B_2;mesange a longue queue;0
524C_1;mesange a longue queue;0
524C_2;mesange a longue queue;0
524D_1;mesange a longue queue;0
524D_2;mesange a longue queue;0
682A_1;mesange a longue queue;0
682A_2;mesange a longue queue;0
682B_1;mesange a longue queue;0
682B_2;mesange a longue queue;0
682C_1;mesange a longue queue;0
682C_2;mesange a longue queue;0
682D_1;mesange a longue queue;0
682D_2;mesange a longue queue;0
689A_1;mesange a longue queue;1
689A_2;mesange a longue queue;0
689B_1;mesange a longue queue;0
689B_2;mesange a longue queue;0
689C_1;mesange a longue queue;0
689C_2;mesange a longue queue;0
689D_1;mesange a longue queue;1
689D_2;mesange a longue queue;0
695A_1;mesange a longue queue;0
695A_2;mesange a longue queue;0
695B_1;mesange a longue queue;0
695B_2;mesange a longue queue;0
695C_1;mesange a longue queue;0
695C_2;mesange a longue queue;0
695D_1;mesange a longue queue;0
695D_2;mesange a longue queue;0
702A_1;mesange a longue queue;2
702A_2;mesange a longue queue;0
702B_1;mesange a longue queue;0
702B_2;mesange a longue queue;0
702C_1;mesange a longue queue;0
702C_2;mesange a longue queue;0
702D_1;mesange a longue queue;0
702D_2;mesange a longue queue;2
708A_1;mesange a longue queue;0
708A_2;mesange a longue queue;0
708B_1;mesange a longue queue;0
708B_2;mesange a longue queue;0
708C_1;mesange a longue queue;0
708C_2;mesange a longue queue;0
708D_1;mesange a longue queue;0
708D_2;mesange a longue queue;0
771A_1;mesange a longue queue;0
771A_2;mesange a longue queue;0
771B_1;mesange a longue queue;0
771B_2;mesange a longue queue;0
771C_1;mesange a longue queue;0
771C_2;mesange a longue queue;0
771D_1;mesange a longue queue;0
771D_2;mesange a longue queue;0
791A_1;mesange a longue queue;2
791A_2;mesange a longue queue;0
791B_1;mesange a longue queue;0
791B_2;mesange a longue queue;0
791C_1;mesange a longue queue;0
791C_2;mesange a longue queue;0
791D_1;mesange a longue queue;0
791D_2;mesange a longue queue;0
001A_1;alouette lulu;0
001A_2;alouette lulu;1
001B_1;alouette lulu;0
001B_2;alouette lulu;0
001C_1;alouette lulu;0
001C_2;alouette lulu;0
001D_1;alouette lulu;0
001D_2;alouette lulu;0
016A_1;alouette lulu;0
016A_2;alouette lulu;0
016B_1;alouette lulu;0
016B_2;alouette lulu;0
016C_1;alouette lulu;0
016C_2;alouette lulu;1
016D_1;alouette lulu;0
016D_2;alouette lulu;1
025A_1;alouette lulu;0
025B_1;alouette lulu;0
025C_1;alouette lulu;0
025D_1;alouette lulu;0
030A_1;alouette lulu;0
030B_1;alouette lulu;0
030C_1;alouette lulu;0
030D_1;alouette lulu;0
053A_1;alouette lulu;0
053B_1;alouette lulu;0
053C_1;alouette lulu;0
053D_1;alouette lulu;0
058A_1;alouette lulu;0
058A_2;alouette lulu;0
058B_1;alouette lulu;0
058B_2;alouette lulu;0
058C_1;alouette lulu;0
058C_2;alouette lulu;0
058D_1;alouette lulu;0
058D_2;alouette lulu;0
063A_1;alouette lulu;0
063B_1;alouette lulu;0
063C_1;alouette lulu;0
063D_1;alouette lulu;0
143A_1;alouette lulu;0
143A_2;alouette lulu;0
143B_1;alouette lulu;0
143B_2;alouette lulu;0
143C_1;alouette lulu;0
143C_2;alouette lulu;0
143D_1;alouette lulu;0
143D_2;alouette lulu;0
166A_1;alouette lulu;0
166A_2;alouette lulu;0
166B_1;alouette lulu;0
166B_2;alouette lulu;0
166C_1;alouette lulu;0
166C_2;alouette lulu;0
166D_1;alouette lulu;0
166D_2;alouette lulu;0
168A_1;alouette lulu;0
168A_2;alouette lulu;0
168B_1;alouette lulu;0
168B_2;alouette lulu;0
168C_1;alouette lulu;0
168C_2;alouette lulu;0
168D_1;alouette lulu;1
168D_2;alouette lulu;0
182A_1;alouette lulu;0
182B_1;alouette lulu;0
182C_1;alouette lulu;0
182D_1;alouette lulu;0
199A_1;alouette lulu;0
199A_2;alouette lulu;0
199B_1;alouette lulu;0
199B_2;alouette lulu;0
199C_1;alouette lulu;0
199C_2;alouette lulu;0
199D_1;alouette lulu;0
199D_2;alouette lulu;0
213A_1;alouette lulu;0
213B_1;alouette lulu;0
213C_1;alouette lulu;0
213D_1;alouette lulu;0
242A_1;alouette lulu;0
242B_1;alouette lulu;0
242C_1;alouette lulu;0
242D_1;alouette lulu;0
260A_1;alouette lulu;2
260B_1;alouette lulu;1
260C_1;alouette lulu;0
260D_1;alouette lulu;2
271A_1;alouette lulu;0
271A_2;alouette lulu;0
271B_1;alouette lulu;0
271B_2;alouette lulu;0
271C_1;alouette lulu;0
271C_2;alouette lulu;0
271D_1;alouette lulu;0
271D_2;alouette lulu;0
354A_1;alouette lulu;0
354A_2;alouette lulu;0
354B_1;alouette lulu;0
354B_2;alouette lulu;0
354C_1;alouette lulu;0
354C_2;alouette lulu;0
354D_1;alouette lulu;0
354D_2;alouette lulu;0
385A_1;alouette lulu;0
385A_2;alouette lulu;0
385B_1;alouette lulu;0
385B_2;alouette lulu;0
385C_1;alouette lulu;0
385C_2;alouette lulu;0
385D_1;alouette lulu;0
385D_2;alouette lulu;0
434A_1;alouette lulu;0
434A_2;alouette lulu;0
434B_1;alouette lulu;0
434B_2;alouette lulu;0
434C_1;alouette lulu;0
434C_2;alouette lulu;0
434D_1;alouette lulu;0
434D_2;alouette lulu;0
443A_1;alouette lulu;1
443A_2;alouette lulu;0
443B_1;alouette lulu;0
443B_2;alouette lulu;0
443C_1;alouette lulu;0
443C_2;alouette lulu;0
443D_1;alouette lulu;0
443D_2;alouette lulu;0
452A_1;alouette lulu;0
452B_1;alouette lulu;3
452C_1;alouette lulu;0
452D_1;alouette lulu;0
490A_1;alouette lulu;0
490A_2;alouette lulu;0
490B_1;alouette lulu;0
490B_2;alouette lulu;0
490C_1;alouette lulu;0
490C_2;alouette lulu;0
490D_1;alouette lulu;0
490D_2;alouette lulu;0
506A_1;alouette lulu;0
506B_1;alouette lulu;0
506C_1;alouette lulu;2
506D_1;alouette lulu;0
524A_1;alouette lulu;0
524A_2;alouette lulu;0
524B_1;alouette lulu;0
524B_2;alouette lulu;0
524C_1;alouette lulu;0
524C_2;alouette lulu;0
524D_1;alouette lulu;0
524D_2;alouette lulu;0
682A_1;alouette lulu;0
682A_2;alouette lulu;0
682B_1;alouette lulu;0
682B_2;alouette lulu;0
682C_1;alouette lulu;2
682C_2;alouette lulu;0
682D_1;alouette lulu;0
682D_2;alouette lulu;0
689A_1;alouette lulu;0
689A_2;alouette lulu;0
689B_1;alouette lulu;0
689B_2;alouette lulu;0
689C_1;alouette lulu;0
689C_2;alouette lulu;0
689D_1;alouette lulu;0
689D_2;alouette lulu;0
695A_1;alouette lulu;0
695A_2;alouette lulu;0
695B_1;alouette lulu;0
695B_2;alouette lulu;0
695C_1;alouette lulu;0
695C_2;alouette lulu;0
695D_1;alouette lulu;0
695D_2;alouette lulu;0
702A_1;alouette lulu;0
702A_2;alouette lulu;0
702B_1;alouette lulu;0
702B_2;alouette lulu;0
702C_1;alouette lulu;0
702C_2;alouette lulu;0
702D_1;alouette lulu;0
702D_2;alouette lulu;0
708A_1;alouette lulu;0
708A_2;alouette lulu;0
708B_1;alouette lulu;0
708B_2;alouette lulu;0
708C_1;alouette lulu;0
708C_2;alouette lulu;0
708D_1;alouette lulu;0
708D_2;alouette lulu;0
771A_1;alouette lulu;0
771A_2;alouette lulu;0
771B_1;alouette lulu;0
771B_2;alouette lulu;0
771C_1;alouette lulu;0
771C_2;alouette lulu;1
771D_1;alouette lulu;0
771D_2;alouette lulu;0
791A_1;alouette lulu;0
791A_2;alouette lulu;0
791B_1;alouette lulu;0
791B_2;alouette lulu;0
791C_1;alouette lulu;0
791C_2;alouette lulu;0
791D_1;alouette lulu;0
791D_2;alouette lulu;0
001A_1;accenteur mouchet;2
001A_2;accenteur mouchet;0
001B_1;accenteur mouchet;1
001B_2;accenteur mouchet;0
001C_1;accenteur mouchet;3
001C_2;accenteur mouchet;0
001D_1;accenteur mouchet;2
001D_2;accenteur mouchet;0
016A_1;accenteur mouchet;0
016A_2;accenteur mouchet;0
016B_1;accenteur mouchet;2
016B_2;accenteur mouchet;0
016C_1;accenteur mouchet;0
016C_2;accenteur mouchet;1
016D_1;accenteur mouchet;2
016D_2;accenteur mouchet;1
025A_1;accenteur mouchet;1
025B_1;accenteur mouchet;0
025C_1;accenteur mouchet;1
025D_1;accenteur mouchet;0
030A_1;accenteur mouchet;0
030B_1;accenteur mouchet;0
030C_1;accenteur mouchet;0
030D_1;accenteur mouchet;1
053A_1;accenteur mouchet;0
053B_1;accenteur mouchet;0
053C_1;accenteur mouchet;0
053D_1;accenteur mouchet;0
058A_1;accenteur mouchet;0
058A_2;accenteur mouchet;1
058B_1;accenteur mouchet;0
058B_2;accenteur mouchet;0
058C_1;accenteur mouchet;0
058C_2;accenteur mouchet;1
058D_1;accenteur mouchet;0
058D_2;accenteur mouchet;0
063A_1;accenteur mouchet;0
063B_1;accenteur mouchet;1
063C_1;accenteur mouchet;2
063D_1;accenteur mouchet;0
143A_1;accenteur mouchet;2
143A_2;accenteur mouchet;1
143B_1;accenteur mouchet;0
143B_2;accenteur mouchet;0
143C_1;accenteur mouchet;0
143C_2;accenteur mouchet;0
143D_1;accenteur mouchet;0
143D_2;accenteur mouchet;0
166A_1;accenteur mouchet;1
166A_2;accenteur mouchet;0
166B_1;accenteur mouchet;1
166B_2;accenteur mouchet;0
166C_1;accenteur mouchet;0
166C_2;accenteur mouchet;2
166D_1;accenteur mouchet;1
166D_2;accenteur mouchet;0
168A_1;accenteur mouchet;2
168A_2;accenteur mouchet;0
168B_1;accenteur mouchet;2
168B_2;accenteur mouchet;1
168C_1;accenteur mouchet;2
168C_2;accenteur mouchet;0
168D_1;accenteur mouchet;1
168D_2;accenteur mouchet;0
182A_1;accenteur mouchet;1
182B_1;accenteur mouchet;0
182C_1;accenteur mouchet;0
182D_1;accenteur mouchet;0
199A_1;accenteur mouchet;1
199A_2;accenteur mouchet;0
199B_1;accenteur mouchet;1
199B_2;accenteur mouchet;0
199C_1;accenteur mouchet;1
199C_2;accenteur mouchet;0
199D_1;accenteur mouchet;0
199D_2;accenteur mouchet;0
213A_1;accenteur mouchet;1
213B_1;accenteur mouchet;0
213C_1;accenteur mouchet;0
213D_1;accenteur mouchet;0
242A_1;accenteur mouchet;0
242B_1;accenteur mouchet;0
242C_1;accenteur mouchet;1
242D_1;accenteur mouchet;0
260A_1;accenteur mouchet;0
260B_1;accenteur mouchet;1
260C_1;accenteur mouchet;1
260D_1;accenteur mouchet;1
271A_1;accenteur mouchet;1
271A_2;accenteur mouchet;0
271B_1;accenteur mouchet;1
271B_2;accenteur mouchet;1
271C_1;accenteur mouchet;0
271C_2;accenteur mouchet;0
271D_1;accenteur mouchet;1
271D_2;accenteur mouchet;0
354A_1;accenteur mouchet;0
354A_2;accenteur mouchet;0
354B_1;accenteur mouchet;1
354B_2;accenteur mouchet;0
354C_1;accenteur mouchet;1
354C_2;accenteur mouchet;1
354D_1;accenteur mouchet;1
354D_2;accenteur mouchet;0
385A_1;accenteur mouchet;0
385A_2;accenteur mouchet;0
385B_1;accenteur mouchet;1
385B_2;accenteur mouchet;1
385C_1;accenteur mouchet;3
385C_2;accenteur mouchet;1
385D_1;accenteur mouchet;1
385D_2;accenteur mouchet;1
434A_1;accenteur mouchet;0
434A_2;accenteur mouchet;1
434B_1;accenteur mouchet;1
434B_2;accenteur mouchet;0
434C_1;accenteur mouchet;0
434C_2;accenteur mouchet;0
434D_1;accenteur mouchet;0
434D_2;accenteur mouchet;0
443A_1;accenteur mouchet;1
443A_2;accenteur mouchet;1
443B_1;accenteur mouchet;1
443B_2;accenteur mouchet;0
443C_1;accenteur mouchet;1
443C_2;accenteur mouchet;0
443D_1;accenteur mouchet;0
443D_2;accenteur mouchet;0
452A_1;accenteur mouchet;0
452B_1;accenteur mouchet;1
452C_1;accenteur mouchet;0
452D_1;accenteur mouchet;1
490A_1;accenteur mouchet;0
490A_2;accenteur mouchet;0
490B_1;accenteur mouchet;1
490B_2;accenteur mouchet;0
490C_1;accenteur mouchet;1
490C_2;accenteur mouchet;0
490D_1;accenteur mouchet;1
490D_2;accenteur mouchet;2
506A_1;accenteur mouchet;1
506B_1;accenteur mouchet;2
506C_1;accenteur mouchet;0
506D_1;accenteur mouchet;1
524A_1;accenteur mouchet;1
524A_2;accenteur mouchet;0
524B_1;accenteur mouchet;0
524B_2;accenteur mouchet;0
524C_1;accenteur mouchet;0
524C_2;accenteur mouchet;0
524D_1;accenteur mouchet;0
524D_2;accenteur mouchet;1
682A_1;accenteur mouchet;0
682A_2;accenteur mouchet;0
682B_1;accenteur mouchet;1
682B_2;accenteur mouchet;2
682C_1;accenteur mouchet;0
682C_2;accenteur mouchet;0
682D_1;accenteur mouchet;1
682D_2;accenteur mouchet;1
689A_1;accenteur mouchet;1
689A_2;accenteur mouchet;0
689B_1;accenteur mouchet;1
689B_2;accenteur mouchet;1
689C_1;accenteur mouchet;1
689C_2;accenteur mouchet;2
689D_1;accenteur mouchet;0
689D_2;accenteur mouchet;0
695A_1;accenteur mouchet;2
695A_2;accenteur mouchet;0
695B_1;accenteur mouchet;1
695B_2;accenteur mouchet;1
695C_1;accenteur mouchet;0
695C_2;accenteur mouchet;0
695D_1;accenteur mouchet;0
695D_2;accenteur mouchet;0
702A_1;accenteur mouchet;0
702A_2;accenteur mouchet;0
702B_1;accenteur mouchet;0
702B_2;accenteur mouchet;0
702C_1;accenteur mouchet;0
702C_2;accenteur mouchet;0
702D_1;accenteur mouchet;0
702D_2;accenteur mouchet;0
708A_1;accenteur mouchet;2
708A_2;accenteur mouchet;0
708B_1;accenteur mouchet;1
708B_2;accenteur mouchet;1
708C_1;accenteur mouchet;2
708C_2;accenteur mouchet;0
708D_1;accenteur mouchet;1
708D_2;accenteur mouchet;1
771A_1;accenteur mouchet;0
771A_2;accenteur mouchet;2
771B_1;accenteur mouchet;0
771B_2;accenteur mouchet;0
771C_1;accenteur mouchet;0
771C_2;accenteur mouchet;1
771D_1;accenteur mouchet;0
771D_2;accenteur mouchet;0
791A_1;accenteur mouchet;0
791A_2;accenteur mouchet;0
791B_1;accenteur mouchet;0
791B_2;accenteur mouchet;0
791C_1;accenteur mouchet;0
791C_2;accenteur mouchet;0
791D_1;accenteur mouchet;0
791D_2;accenteur mouchet;0
001A_1;grive draine;0
001A_2;grive draine;0
001B_1;grive draine;0
001B_2;grive draine;0
001C_1;grive draine;0
001C_2;grive draine;0
001D_1;grive draine;0
001D_2;grive draine;0
016A_1;grive draine;0
016A_2;grive draine;0
016B_1;grive draine;0
016B_2;grive draine;0
016C_1;grive draine;0
016C_2;grive draine;0
016D_1;grive draine;0
016D_2;grive draine;0
025A_1;grive draine;0
025B_1;grive draine;0
025C_1;grive draine;0
025D_1;grive draine;2
030A_1;grive draine;0
030B_1;grive draine;0
030C_1;grive draine;0
030D_1;grive draine;0
053A_1;grive draine;0
053B_1;grive draine;1
053C_1;grive draine;0
053D_1;grive draine;0
058A_1;grive draine;1
058A_2;grive draine;0
058B_1;grive draine;1
058B_2;grive draine;0
058C_1;grive draine;0
058C_2;grive draine;0
058D_1;grive draine;0
058D_2;grive draine;1
063A_1;grive draine;0
063B_1;grive draine;0
063C_1;grive draine;0
063D_1;grive draine;0
143A_1;grive draine;1
143A_2;grive draine;0
143B_1;grive draine;1
143B_2;grive draine;0
143C_1;grive draine;1
143C_2;grive draine;0
143D_1;grive draine;0
143D_2;grive draine;0
166A_1;grive draine;0
166A_2;grive draine;0
166B_1;grive draine;6
166B_2;grive draine;0
166C_1;grive draine;0
166C_2;grive draine;1
166D_1;grive draine;0
166D_2;grive draine;0
168A_1;grive draine;0
168A_2;grive draine;0
168B_1;grive draine;0
168B_2;grive draine;0
168C_1;grive draine;0
168C_2;grive draine;1
168D_1;grive draine;0
168D_2;grive draine;1
182A_1;grive draine;0
182B_1;grive draine;0
182C_1;grive draine;0
182D_1;grive draine;0
199A_1;grive draine;0
199A_2;grive draine;0
199B_1;grive draine;0
199B_2;grive draine;0
199C_1;grive draine;0
199C_2;grive draine;0
199D_1;grive draine;1
199D_2;grive draine;0
213A_1;grive draine;0
213B_1;grive draine;0
213C_1;grive draine;0
213D_1;grive draine;0
242A_1;grive draine;0
242B_1;grive draine;0
242C_1;grive draine;0
242D_1;grive draine;0
260A_1;grive draine;0
260B_1;grive draine;0
260C_1;grive draine;0
260D_1;grive draine;0
271A_1;grive draine;0
271A_2;grive draine;0
271B_1;grive draine;1
271B_2;grive draine;0
271C_1;grive draine;0
271C_2;grive draine;0
271D_1;grive draine;0
271D_2;grive draine;0
354A_1;grive draine;0
354A_2;grive draine;0
354B_1;grive draine;0
354B_2;grive draine;0
354C_1;grive draine;0
354C_2;grive draine;0
354D_1;grive draine;0
354D_2;grive draine;0
385A_1;grive draine;0
385A_2;grive draine;0
385B_1;grive draine;1
385B_2;grive draine;0
385C_1;grive draine;0
385C_2;grive draine;0
385D_1;grive draine;0
385D_2;grive draine;0
434A_1;grive draine;0
434A_2;grive draine;1
434B_1;grive draine;0
434B_2;grive draine;0
434C_1;grive draine;0
434C_2;grive draine;0
434D_1;grive draine;0
434D_2;grive draine;0
443A_1;grive draine;0
443A_2;grive draine;0
443B_1;grive draine;0
443B_2;grive draine;0
443C_1;grive draine;0
443C_2;grive draine;1
443D_1;grive draine;0
443D_2;grive draine;0
452A_1;grive draine;1
452B_1;grive draine;1
452C_1;grive draine;0
452D_1;grive draine;0
490A_1;grive draine;0
490A_2;grive draine;0
490B_1;grive draine;0
490B_2;grive draine;0
490C_1;grive draine;0
490C_2;grive draine;0
490D_1;grive draine;0
490D_2;grive draine;0
506A_1;grive draine;0
506B_1;grive draine;0
506C_1;grive draine;0
506D_1;grive draine;0
524A_1;grive draine;0
524A_2;grive draine;4
524B_1;grive draine;1
524B_2;grive draine;0
524C_1;grive draine;0
524C_2;grive draine;0
524D_1;grive draine;0
524D_2;grive draine;0
682A_1;grive draine;0
682A_2;grive draine;3
682B_1;grive draine;0
682B_2;grive draine;0
682C_1;grive draine;0
682C_2;grive draine;0
682D_1;grive draine;0
682D_2;grive draine;0
689A_1;grive draine;0
689A_2;grive draine;1
689B_1;grive draine;0
689B_2;grive draine;0
689C_1;grive draine;0
689C_2;grive draine;0
689D_1;grive draine;0
689D_2;grive draine;0
695A_1;grive draine;0
695A_2;grive draine;0
695B_1;grive draine;0
695B_2;grive draine;1
695C_1;grive draine;0
695C_2;grive draine;0
695D_1;grive draine;0
695D_2;grive draine;0
702A_1;grive draine;1
702A_2;grive draine;5
702B_1;grive draine;0
702B_2;grive draine;1
702C_1;grive draine;0
702C_2;grive draine;0
702D_1;grive draine;0
702D_2;grive draine;0
708A_1;grive draine;2
708A_2;grive draine;0
708B_1;grive draine;2
708B_2;grive draine;0
708C_1;grive draine;1
708C_2;grive draine;0
708D_1;grive draine;1
708D_2;grive draine;0
771A_1;grive draine;0
771A_2;grive draine;2
771B_1;grive draine;0
771B_2;grive draine;0
771C_1;grive draine;0
771C_2;grive draine;0
771D_1;grive draine;1
771D_2;grive draine;0
791A_1;grive draine;0
791A_2;grive draine;0
791B_1;grive draine;0
791B_2;grive draine;0
791C_1;grive draine;0
791C_2;grive draine;0
791D_1;grive draine;0
791D_2;grive draine;1
001A_1;martinet noir;0
001A_2;martinet noir;0
001B_1;martinet noir;0
001B_2;martinet noir;0
001C_1;martinet noir;0
001C_2;martinet noir;0
001D_1;martinet noir;0
001D_2;martinet noir;0
016A_1;martinet noir;0
016A_2;martinet noir;0
016B_1;martinet noir;0
016B_2;martinet noir;0
016C_1;martinet noir;0
016C_2;martinet noir;0
016D_1;martinet noir;0
016D_2;martinet noir;0
025A_1;martinet noir;0
025B_1;martinet noir;0
025C_1;martinet noir;0
025D_1;martinet noir;0
030A_1;martinet noir;0
030B_1;martinet noir;0
030C_1;martinet noir;0
030D_1;martinet noir;0
053A_1;martinet noir;0
053B_1;martinet noir;0
053C_1;martinet noir;0
053D_1;martinet noir;0
058A_1;martinet noir;0
058A_2;martinet noir;0
058B_1;martinet noir;0
058B_2;martinet noir;0
058C_1;martinet noir;0
058C_2;martinet noir;0
058D_1;martinet noir;0
058D_2;martinet noir;0
063A_1;martinet noir;0
063B_1;martinet noir;0
063C_1;martinet noir;0
063D_1;martinet noir;0
143A_1;martinet noir;0
143A_2;martinet noir;0
143B_1;martinet noir;0
143B_2;martinet noir;0
143C_1;martinet noir;0
143C_2;martinet noir;0
143D_1;martinet noir;0
143D_2;martinet noir;0
166A_1;martinet noir;0
166A_2;martinet noir;0
166B_1;martinet noir;0
166B_2;martinet noir;0
166C_1;martinet noir;0
166C_2;martinet noir;0
166D_1;martinet noir;0
166D_2;martinet noir;0
168A_1;martinet noir;0
168A_2;martinet noir;1
168B_1;martinet noir;0
168B_2;martinet noir;0
168C_1;martinet noir;0
168C_2;martinet noir;5
168D_1;martinet noir;0
168D_2;martinet noir;0
182A_1;martinet noir;0
182B_1;martinet noir;0
182C_1;martinet noir;0
182D_1;martinet noir;0
199A_1;martinet noir;0
199A_2;martinet noir;0
199B_1;martinet noir;0
199B_2;martinet noir;0
199C_1;martinet noir;0
199C_2;martinet noir;0
199D_1;martinet noir;0
199D_2;martinet noir;0
213A_1;martinet noir;0
213B_1;martinet noir;0
213C_1;martinet noir;0
213D_1;martinet noir;0
242A_1;martinet noir;0
242B_1;martinet noir;0
242C_1;martinet noir;0
242D_1;martinet noir;0
260A_1;martinet noir;0
260B_1;martinet noir;0
260C_1;martinet noir;0
260D_1;martinet noir;0
271A_1;martinet noir;0
271A_2;martinet noir;0
271B_1;martinet noir;0
271B_2;martinet noir;0
271C_1;martinet noir;0
271C_2;martinet noir;0
271D_1;martinet noir;0
271D_2;martinet noir;0
354A_1;martinet noir;0
354A_2;martinet noir;49
354B_1;martinet noir;0
354B_2;martinet noir;60
354C_1;martinet noir;0
354C_2;martinet noir;0
354D_1;martinet noir;0
354D_2;martinet noir;2
385A_1;martinet noir;0
385A_2;martinet noir;0
385B_1;martinet noir;0
385B_2;martinet noir;2
385C_1;martinet noir;0
385C_2;martinet noir;0
385D_1;martinet noir;0
385D_2;martinet noir;2
434A_1;martinet noir;0
434A_2;martinet noir;0
434B_1;martinet noir;0
434B_2;martinet noir;2
434C_1;martinet noir;0
434C_2;martinet noir;0
434D_1;martinet noir;0
434D_2;martinet noir;0
443A_1;martinet noir;0
443A_2;martinet noir;1
443B_1;martinet noir;0
443B_2;martinet noir;0
443C_1;martinet noir;0
443C_2;martinet noir;2
443D_1;martinet noir;0
443D_2;martinet noir;0
452A_1;martinet noir;0
452B_1;martinet noir;0
452C_1;martinet noir;0
452D_1;martinet noir;0
490A_1;martinet noir;0
490A_2;martinet noir;0
490B_1;martinet noir;0
490B_2;martinet noir;0
490C_1;martinet noir;0
490C_2;martinet noir;0
490D_1;martinet noir;0
490D_2;martinet noir;0
506A_1;martinet noir;0
506B_1;martinet noir;0
506C_1;martinet noir;0
506D_1;martinet noir;0
524A_1;martinet noir;0
524A_2;martinet noir;0
524B_1;martinet noir;0
524B_2;martinet noir;0
524C_1;martinet noir;0
524C_2;martinet noir;0
524D_1;martinet noir;0
524D_2;martinet noir;0
682A_1;martinet noir;0
682A_2;martinet noir;0
682B_1;martinet noir;0
682B_2;martinet noir;0
682C_1;martinet noir;0
682C_2;martinet noir;0
682D_1;martinet noir;0
682D_2;martinet noir;0
689A_1;martinet noir;0
689A_2;martinet noir;0
689B_1;martinet noir;0
689B_2;martinet noir;0
689C_1;martinet noir;0
689C_2;martinet noir;0
689D_1;martinet noir;0
689D_2;martinet noir;0
695A_1;martinet noir;0
695A_2;martinet noir;0
695B_1;martinet noir;0
695B_2;martinet noir;0
695C_1;martinet noir;0
695C_2;martinet noir;0
695D_1;martinet noir;0
695D_2;martinet noir;3
702A_1;martinet noir;0
702A_2;martinet noir;0
702B_1;martinet noir;0
702B_2;martinet noir;0
702C_1;martinet noir;0
702C_2;martinet noir;0
702D_1;martinet noir;0
702D_2;martinet noir;0
708A_1;martinet noir;0
708A_2;martinet noir;0
708B_1;martinet noir;0
708B_2;martinet noir;0
708C_1;martinet noir;0
708C_2;martinet noir;0
708D_1;martinet noir;0
708D_2;martinet noir;0
771A_1;martinet noir;0
771A_2;martinet noir;0
771B_1;martinet noir;0
771B_2;martinet noir;0
771C_1;martinet noir;0
771C_2;martinet noir;0
771D_1;martinet noir;0
771D_2;martinet noir;0
791A_1;martinet noir;0
791A_2;martinet noir;0
791B_1;martinet noir;0
791B_2;martinet noir;0
791C_1;martinet noir;0
791C_2;martinet noir;0
791D_1;martinet noir;0
791D_2;martinet noir;0
