id_data;point;espece;total
1;001A_1;pinson_des_arbres;2
2;001A_2;pinson_des_arbres;1
3;001B_1;pinson_des_arbres;5
4;001B_2;pinson_des_arbres;4
5;001C_1;pinson_des_arbres;4
6;001C_2;pinson_des_arbres;2
7;001D_1;pinson_des_arbres;4
8;001D_2;pinson_des_arbres;3
9;016A_1;pinson_des_arbres;3
10;016A_2;pinson_des_arbres;1
11;016B_1;pinson_des_arbres;1
12;016B_2;pinson_des_arbres;1
13;016C_1;pinson_des_arbres;3
14;016C_2;pinson_des_arbres;2
15;016D_1;pinson_des_arbres;4
16;016D_2;pinson_des_arbres;5
17;025A_1;pinson_des_arbres;5
18;025B_1;pinson_des_arbres;2
19;025C_1;pinson_des_arbres;3
20;025D_1;pinson_des_arbres;5
21;030A_1;pinson_des_arbres;4
22;030B_1;pinson_des_arbres;9
23;030C_1;pinson_des_arbres;3
24;030D_1;pinson_des_arbres;2
25;053A_1;pinson_des_arbres;0
26;053B_1;pinson_des_arbres;0
27;053C_1;pinson_des_arbres;0
28;053D_1;pinson_des_arbres;2
29;058A_1;pinson_des_arbres;4
30;058A_2;pinson_des_arbres;5
31;058B_1;pinson_des_arbres;7
32;058B_2;pinson_des_arbres;4
33;058C_1;pinson_des_arbres;4
34;058C_2;pinson_des_arbres;2
35;058D_1;pinson_des_arbres;4
36;058D_2;pinson_des_arbres;4
37;063A_1;pinson_des_arbres;1
38;063B_1;pinson_des_arbres;2
39;063C_1;pinson_des_arbres;3
40;063D_1;pinson_des_arbres;3
41;143A_1;pinson_des_arbres;5
42;143A_2;pinson_des_arbres;5
43;143B_1;pinson_des_arbres;5
44;143B_2;pinson_des_arbres;4
45;143C_1;pinson_des_arbres;2
46;143C_2;pinson_des_arbres;4
47;143D_1;pinson_des_arbres;5
48;143D_2;pinson_des_arbres;5
49;166A_1;pinson_des_arbres;3
50;166A_2;pinson_des_arbres;4
51;166B_1;pinson_des_arbres;2
52;166B_2;pinson_des_arbres;3
53;166C_1;pinson_des_arbres;4
54;166C_2;pinson_des_arbres;2
55;166D_1;pinson_des_arbres;6
56;166D_2;pinson_des_arbres;3
57;168A_1;pinson_des_arbres;2
58;168A_2;pinson_des_arbres;4
59;168B_1;pinson_des_arbres;3
60;168B_2;pinson_des_arbres;3
61;168C_1;pinson_des_arbres;2
62;168C_2;pinson_des_arbres;2
63;168D_1;pinson_des_arbres;5
64;168D_2;pinson_des_arbres;3
65;182A_1;pinson_des_arbres;4
66;182B_1;pinson_des_arbres;3
67;182C_1;pinson_des_arbres;3
68;182D_1;pinson_des_arbres;2
69;199A_1;pinson_des_arbres;2
70;199A_2;pinson_des_arbres;1
71;199B_1;pinson_des_arbres;5
72;199B_2;pinson_des_arbres;3
73;199C_1;pinson_des_arbres;4
74;199C_2;pinson_des_arbres;1
75;199D_1;pinson_des_arbres;4
76;199D_2;pinson_des_arbres;1
77;213A_1;pinson_des_arbres;3
78;213B_1;pinson_des_arbres;4
79;213C_1;pinson_des_arbres;3
80;213D_1;pinson_des_arbres;5
81;242A_1;pinson_des_arbres;3
82;242B_1;pinson_des_arbres;6
83;242C_1;pinson_des_arbres;3
84;242D_1;pinson_des_arbres;4
85;260A_1;pinson_des_arbres;3
86;260B_1;pinson_des_arbres;7
87;260C_1;pinson_des_arbres;3
88;260D_1;pinson_des_arbres;5
89;271A_1;pinson_des_arbres;5
90;271A_2;pinson_des_arbres;2
91;271B_1;pinson_des_arbres;7
92;271B_2;pinson_des_arbres;6
93;271C_1;pinson_des_arbres;2
94;271C_2;pinson_des_arbres;0
95;271D_1;pinson_des_arbres;5
96;271D_2;pinson_des_arbres;6
97;354A_1;pinson_des_arbres;2
98;354A_2;pinson_des_arbres;0
99;354B_1;pinson_des_arbres;1
100;354B_2;pinson_des_arbres;1
101;354C_1;pinson_des_arbres;3
102;354C_2;pinson_des_arbres;0
103;354D_1;pinson_des_arbres;5
104;354D_2;pinson_des_arbres;3
105;385A_1;pinson_des_arbres;3
106;385A_2;pinson_des_arbres;5
107;385B_1;pinson_des_arbres;1
108;385B_2;pinson_des_arbres;5
109;385C_1;pinson_des_arbres;0
110;385C_2;pinson_des_arbres;2
111;385D_1;pinson_des_arbres;3
112;385D_2;pinson_des_arbres;6
113;434A_1;pinson_des_arbres;2
114;434A_2;pinson_des_arbres;2
115;434B_1;pinson_des_arbres;8
116;434B_2;pinson_des_arbres;2
117;434C_1;pinson_des_arbres;2
118;434C_2;pinson_des_arbres;2
119;434D_1;pinson_des_arbres;2
120;434D_2;pinson_des_arbres;2
121;443A_1;pinson_des_arbres;6
122;443A_2;pinson_des_arbres;3
123;443B_1;pinson_des_arbres;3
124;443B_2;pinson_des_arbres;3
125;443C_1;pinson_des_arbres;3
126;443C_2;pinson_des_arbres;5
127;443D_1;pinson_des_arbres;1
128;443D_2;pinson_des_arbres;3
129;452A_1;pinson_des_arbres;2
130;452B_1;pinson_des_arbres;1
131;452C_1;pinson_des_arbres;3
132;452D_1;pinson_des_arbres;4
133;490A_1;pinson_des_arbres;1
134;490A_2;pinson_des_arbres;5
135;490B_1;pinson_des_arbres;1
136;490B_2;pinson_des_arbres;1
137;490C_1;pinson_des_arbres;4
138;490C_2;pinson_des_arbres;3
139;490D_1;pinson_des_arbres;5
140;490D_2;pinson_des_arbres;4
141;506A_1;pinson_des_arbres;2
142;506B_1;pinson_des_arbres;6
143;506C_1;pinson_des_arbres;3
144;506D_1;pinson_des_arbres;1
145;524A_1;pinson_des_arbres;5
146;524A_2;pinson_des_arbres;3
147;524B_1;pinson_des_arbres;5
148;524B_2;pinson_des_arbres;3
149;524C_1;pinson_des_arbres;3
150;524C_2;pinson_des_arbres;2
151;524D_1;pinson_des_arbres;6
152;524D_2;pinson_des_arbres;4
153;682A_1;pinson_des_arbres;1
154;682A_2;pinson_des_arbres;5
155;682B_1;pinson_des_arbres;2
156;682B_2;pinson_des_arbres;6
157;682C_1;pinson_des_arbres;2
158;682C_2;pinson_des_arbres;3
159;682D_1;pinson_des_arbres;3
160;682D_2;pinson_des_arbres;5
161;689A_1;pinson_des_arbres;2
162;689A_2;pinson_des_arbres;5
163;689B_1;pinson_des_arbres;3
164;689B_2;pinson_des_arbres;4
165;689C_1;pinson_des_arbres;1
166;689C_2;pinson_des_arbres;6
167;689D_1;pinson_des_arbres;1
168;689D_2;pinson_des_arbres;6
169;695A_1;pinson_des_arbres;1
170;695A_2;pinson_des_arbres;3
171;695B_1;pinson_des_arbres;4
172;695B_2;pinson_des_arbres;4
173;695C_1;pinson_des_arbres;3
174;695C_2;pinson_des_arbres;3
175;695D_1;pinson_des_arbres;1
176;695D_2;pinson_des_arbres;3
177;702A_1;pinson_des_arbres;3
178;702A_2;pinson_des_arbres;3
179;702B_1;pinson_des_arbres;1
180;702B_2;pinson_des_arbres;6
181;702C_1;pinson_des_arbres;2
182;702C_2;pinson_des_arbres;1
183;702D_1;pinson_des_arbres;0
184;702D_2;pinson_des_arbres;5
185;708A_1;pinson_des_arbres;1
186;708A_2;pinson_des_arbres;4
187;708B_1;pinson_des_arbres;2
188;708B_2;pinson_des_arbres;6
189;708C_1;pinson_des_arbres;3
190;708C_2;pinson_des_arbres;6
191;708D_1;pinson_des_arbres;2
192;708D_2;pinson_des_arbres;5
193;771A_1;pinson_des_arbres;8
194;771A_2;pinson_des_arbres;4
195;771B_1;pinson_des_arbres;5
196;771B_2;pinson_des_arbres;3
197;771C_1;pinson_des_arbres;2
198;771C_2;pinson_des_arbres;2
199;771D_1;pinson_des_arbres;6
200;771D_2;pinson_des_arbres;2
201;791A_1;pinson_des_arbres;2
202;791A_2;pinson_des_arbres;3
203;791B_1;pinson_des_arbres;3
204;791B_2;pinson_des_arbres;4
205;791C_1;pinson_des_arbres;3
206;791C_2;pinson_des_arbres;6
207;791D_1;pinson_des_arbres;2
208;791D_2;pinson_des_arbres;4
209;001A_1;corneille_noire;0
210;001A_2;corneille_noire;4
211;001B_1;corneille_noire;3
212;001B_2;corneille_noire;5
213;001C_1;corneille_noire;10
214;001C_2;corneille_noire;2
215;001D_1;corneille_noire;6
216;001D_2;corneille_noire;6
217;016A_1;corneille_noire;8
218;016A_2;corneille_noire;14
219;016B_1;corneille_noire;6
220;016B_2;corneille_noire;11
221;016C_1;corneille_noire;13
222;016C_2;corneille_noire;5
223;016D_1;corneille_noire;12
224;016D_2;corneille_noire;5
225;025A_1;corneille_noire;7
226;025B_1;corneille_noire;2
227;025C_1;corneille_noire;8
228;025D_1;corneille_noire;5
229;030A_1;corneille_noire;11
230;030B_1;corneille_noire;9
231;030C_1;corneille_noire;12
232;030D_1;corneille_noire;10
233;053A_1;corneille_noire;2
234;053B_1;corneille_noire;0
235;053C_1;corneille_noire;0
236;053D_1;corneille_noire;0
237;058A_1;corneille_noire;2
238;058A_2;corneille_noire;8
239;058B_1;corneille_noire;1
240;058B_2;corneille_noire;4
241;058C_1;corneille_noire;2
242;058C_2;corneille_noire;3
243;058D_1;corneille_noire;7
244;058D_2;corneille_noire;11
245;063A_1;corneille_noire;5
246;063B_1;corneille_noire;3
247;063C_1;corneille_noire;11
248;063D_1;corneille_noire;4
249;143A_1;corneille_noire;0
250;143A_2;corneille_noire;4
251;143B_1;corneille_noire;2
252;143B_2;corneille_noire;4
253;143C_1;corneille_noire;7
254;143C_2;corneille_noire;4
255;143D_1;corneille_noire;11
256;143D_2;corneille_noire;3
257;166A_1;corneille_noire;3
258;166A_2;corneille_noire;0
259;166B_1;corneille_noire;1
260;166B_2;corneille_noire;3
261;166C_1;corneille_noire;4
262;166C_2;corneille_noire;6
263;166D_1;corneille_noire;4
264;166D_2;corneille_noire;2
265;168A_1;corneille_noire;2
266;168A_2;corneille_noire;4
267;168B_1;corneille_noire;5
268;168B_2;corneille_noire;6
269;168C_1;corneille_noire;5
270;168C_2;corneille_noire;6
271;168D_1;corneille_noire;4
272;168D_2;corneille_noire;4
273;182A_1;corneille_noire;3
274;182B_1;corneille_noire;3
275;182C_1;corneille_noire;7
276;182D_1;corneille_noire;6
277;199A_1;corneille_noire;2
278;199A_2;corneille_noire;5
279;199B_1;corneille_noire;2
280;199B_2;corneille_noire;0
281;199C_1;corneille_noire;6
282;199C_2;corneille_noire;6
283;199D_1;corneille_noire;3
284;199D_2;corneille_noire;6
285;213A_1;corneille_noire;11
286;213B_1;corneille_noire;4
287;213C_1;corneille_noire;6
288;213D_1;corneille_noire;5
289;242A_1;corneille_noire;3
290;242B_1;corneille_noire;1
291;242C_1;corneille_noire;1
292;242D_1;corneille_noire;1
293;260A_1;corneille_noire;2
294;260B_1;corneille_noire;1
295;260C_1;corneille_noire;2
296;260D_1;corneille_noire;2
297;271A_1;corneille_noire;10
298;271A_2;corneille_noire;3
299;271B_1;corneille_noire;1
300;271B_2;corneille_noire;8
301;271C_1;corneille_noire;8
302;271C_2;corneille_noire;6
303;271D_1;corneille_noire;7
304;271D_2;corneille_noire;2
305;354A_1;corneille_noire;2
306;354A_2;corneille_noire;7
307;354B_1;corneille_noire;2
308;354B_2;corneille_noire;2
309;354C_1;corneille_noire;3
310;354C_2;corneille_noire;3
311;354D_1;corneille_noire;4
312;354D_2;corneille_noire;4
313;385A_1;corneille_noire;0
314;385A_2;corneille_noire;7
315;385B_1;corneille_noire;4
316;385B_2;corneille_noire;2
317;385C_1;corneille_noire;1
318;385C_2;corneille_noire;3
319;385D_1;corneille_noire;2
320;385D_2;corneille_noire;1
321;434A_1;corneille_noire;6
322;434A_2;corneille_noire;2
323;434B_1;corneille_noire;1
324;434B_2;corneille_noire;2
325;434C_1;corneille_noire;0
326;434C_2;corneille_noire;1
327;434D_1;corneille_noire;1
328;434D_2;corneille_noire;2
329;443A_1;corneille_noire;9
330;443A_2;corneille_noire;4
331;443B_1;corneille_noire;1
332;443B_2;corneille_noire;14
333;443C_1;corneille_noire;2
334;443C_2;corneille_noire;10
335;443D_1;corneille_noire;5
336;443D_2;corneille_noire;6
337;452A_1;corneille_noire;1
338;452B_1;corneille_noire;5
339;452C_1;corneille_noire;5
340;452D_1;corneille_noire;5
341;490A_1;corneille_noire;1
342;490A_2;corneille_noire;0
343;490B_1;corneille_noire;2
344;490B_2;corneille_noire;7
345;490C_1;corneille_noire;4
346;490C_2;corneille_noire;6
347;490D_1;corneille_noire;4
348;490D_2;corneille_noire;11
349;506A_1;corneille_noire;7
350;506B_1;corneille_noire;2
351;506C_1;corneille_noire;8
352;506D_1;corneille_noire;2
353;524A_1;corneille_noire;2
354;524A_2;corneille_noire;5
355;524B_1;corneille_noire;1
356;524B_2;corneille_noire;4
357;524C_1;corneille_noire;2
358;524C_2;corneille_noire;5
359;524D_1;corneille_noire;3
360;524D_2;corneille_noire;10
361;682A_1;corneille_noire;2
362;682A_2;corneille_noire;7
363;682B_1;corneille_noire;2
364;682B_2;corneille_noire;3
365;682C_1;corneille_noire;2
366;682C_2;corneille_noire;2
367;682D_1;corneille_noire;1
368;682D_2;corneille_noire;2
369;689A_1;corneille_noire;3
370;689A_2;corneille_noire;6
371;689B_1;corneille_noire;8
372;689B_2;corneille_noire;5
373;689C_1;corneille_noire;3
374;689C_2;corneille_noire;5
375;689D_1;corneille_noire;6
376;689D_2;corneille_noire;3
377;695A_1;corneille_noire;11
378;695A_2;corneille_noire;2
379;695B_1;corneille_noire;2
380;695B_2;corneille_noire;3
381;695C_1;corneille_noire;0
382;695C_2;corneille_noire;3
383;695D_1;corneille_noire;3
384;695D_2;corneille_noire;2
385;702A_1;corneille_noire;0
386;702A_2;corneille_noire;8
387;702B_1;corneille_noire;0
388;702B_2;corneille_noire;1
389;702C_1;corneille_noire;0
390;702C_2;corneille_noire;2
391;702D_1;corneille_noire;0
392;702D_2;corneille_noire;8
393;708A_1;corneille_noire;1
394;708A_2;corneille_noire;3
395;708B_1;corneille_noire;15
396;708B_2;corneille_noire;3
397;708C_1;corneille_noire;1
398;708C_2;corneille_noire;7
399;708D_1;corneille_noire;2
400;708D_2;corneille_noire;5
401;771A_1;corneille_noire;4
402;771A_2;corneille_noire;0
403;771B_1;corneille_noire;4
404;771B_2;corneille_noire;1
405;771C_1;corneille_noire;4
406;771C_2;corneille_noire;1
407;771D_1;corneille_noire;1
408;771D_2;corneille_noire;0
409;791A_1;corneille_noire;2
410;791A_2;corneille_noire;6
411;791B_1;corneille_noire;3
412;791B_2;corneille_noire;4
413;791C_1;corneille_noire;1
414;791C_2;corneille_noire;3
415;791D_1;corneille_noire;10
416;791D_2;corneille_noire;5
417;001A_1;pouillot_veloce;3
418;001A_2;pouillot_veloce;5
419;001B_1;pouillot_veloce;2
420;001B_2;pouillot_veloce;1
421;001C_1;pouillot_veloce;3
422;001C_2;pouillot_veloce;2
423;001D_1;pouillot_veloce;1
424;001D_2;pouillot_veloce;0
425;016A_1;pouillot_veloce;2
426;016A_2;pouillot_veloce;3
427;016B_1;pouillot_veloce;2
428;016B_2;pouillot_veloce;1
429;016C_1;pouillot_veloce;3
430;016C_2;pouillot_veloce;3
431;016D_1;pouillot_veloce;1
432;016D_2;pouillot_veloce;0
433;025A_1;pouillot_veloce;1
434;025B_1;pouillot_veloce;2
435;025C_1;pouillot_veloce;2
436;025D_1;pouillot_veloce;2
437;030A_1;pouillot_veloce;2
438;030B_1;pouillot_veloce;3
439;030C_1;pouillot_veloce;1
440;030D_1;pouillot_veloce;1
441;053A_1;pouillot_veloce;2
442;053B_1;pouillot_veloce;2
443;053C_1;pouillot_veloce;2
444;053D_1;pouillot_veloce;1
445;058A_1;pouillot_veloce;1
446;058A_2;pouillot_veloce;0
447;058B_1;pouillot_veloce;0
448;058B_2;pouillot_veloce;0
449;058C_1;pouillot_veloce;4
450;058C_2;pouillot_veloce;2
451;058D_1;pouillot_veloce;1
452;058D_2;pouillot_veloce;3
453;063A_1;pouillot_veloce;1
454;063B_1;pouillot_veloce;2
455;063C_1;pouillot_veloce;2
456;063D_1;pouillot_veloce;1
457;143A_1;pouillot_veloce;1
458;143A_2;pouillot_veloce;0
459;143B_1;pouillot_veloce;2
460;143B_2;pouillot_veloce;1
461;143C_1;pouillot_veloce;5
462;143C_2;pouillot_veloce;1
463;143D_1;pouillot_veloce;3
464;143D_2;pouillot_veloce;2
465;166A_1;pouillot_veloce;1
466;166A_2;pouillot_veloce;2
467;166B_1;pouillot_veloce;3
468;166B_2;pouillot_veloce;1
469;166C_1;pouillot_veloce;1
470;166C_2;pouillot_veloce;1
471;166D_1;pouillot_veloce;2
472;166D_2;pouillot_veloce;1
473;168A_1;pouillot_veloce;3
474;168A_2;pouillot_veloce;5
475;168B_1;pouillot_veloce;2
476;168B_2;pouillot_veloce;2
477;168C_1;pouillot_veloce;3
478;168C_2;pouillot_veloce;4
479;168D_1;pouillot_veloce;1
480;168D_2;pouillot_veloce;1
481;182A_1;pouillot_veloce;3
482;182B_1;pouillot_veloce;3
483;182C_1;pouillot_veloce;2
484;182D_1;pouillot_veloce;1
485;199A_1;pouillot_veloce;1
486;199A_2;pouillot_veloce;0
487;199B_1;pouillot_veloce;1
488;199B_2;pouillot_veloce;1
489;199C_1;pouillot_veloce;1
490;199C_2;pouillot_veloce;1
491;199D_1;pouillot_veloce;3
492;199D_2;pouillot_veloce;1
493;213A_1;pouillot_veloce;4
494;213B_1;pouillot_veloce;4
495;213C_1;pouillot_veloce;3
496;213D_1;pouillot_veloce;3
497;242A_1;pouillot_veloce;2
498;242B_1;pouillot_veloce;3
499;242C_1;pouillot_veloce;2
500;242D_1;pouillot_veloce;1
501;260A_1;pouillot_veloce;3
502;260B_1;pouillot_veloce;2
503;260C_1;pouillot_veloce;3
504;260D_1;pouillot_veloce;2
505;271A_1;pouillot_veloce;2
506;271A_2;pouillot_veloce;3
507;271B_1;pouillot_veloce;2
508;271B_2;pouillot_veloce;2
509;271C_1;pouillot_veloce;3
510;271C_2;pouillot_veloce;3
511;271D_1;pouillot_veloce;0
512;271D_2;pouillot_veloce;0
513;354A_1;pouillot_veloce;2
514;354A_2;pouillot_veloce;0
515;354B_1;pouillot_veloce;0
516;354B_2;pouillot_veloce;0
517;354C_1;pouillot_veloce;2
518;354C_2;pouillot_veloce;3
519;354D_1;pouillot_veloce;1
520;354D_2;pouillot_veloce;0
521;385A_1;pouillot_veloce;1
522;385A_2;pouillot_veloce;1
523;385B_1;pouillot_veloce;1
524;385B_2;pouillot_veloce;2
525;385C_1;pouillot_veloce;1
526;385C_2;pouillot_veloce;1
527;385D_1;pouillot_veloce;1
528;385D_2;pouillot_veloce;0
529;434A_1;pouillot_veloce;2
530;434A_2;pouillot_veloce;3
531;434B_1;pouillot_veloce;2
532;434B_2;pouillot_veloce;0
533;434C_1;pouillot_veloce;3
534;434C_2;pouillot_veloce;2
535;434D_1;pouillot_veloce;2
536;434D_2;pouillot_veloce;1
537;443A_1;pouillot_veloce;1
538;443A_2;pouillot_veloce;1
539;443B_1;pouillot_veloce;2
540;443B_2;pouillot_veloce;3
541;443C_1;pouillot_veloce;3
542;443C_2;pouillot_veloce;3
543;443D_1;pouillot_veloce;1
544;443D_2;pouillot_veloce;0
545;452A_1;pouillot_veloce;2
546;452B_1;pouillot_veloce;2
547;452C_1;pouillot_veloce;4
548;452D_1;pouillot_veloce;3
549;490A_1;pouillot_veloce;3
550;490A_2;pouillot_veloce;4
551;490B_1;pouillot_veloce;2
552;490B_2;pouillot_veloce;2
553;490C_1;pouillot_veloce;1
554;490C_2;pouillot_veloce;1
555;490D_1;pouillot_veloce;1
556;490D_2;pouillot_veloce;1
557;506A_1;pouillot_veloce;1
558;506B_1;pouillot_veloce;3
559;506C_1;pouillot_veloce;3
560;506D_1;pouillot_veloce;1
561;524A_1;pouillot_veloce;1
562;524A_2;pouillot_veloce;2
563;524B_1;pouillot_veloce;4
564;524B_2;pouillot_veloce;1
565;524C_1;pouillot_veloce;4
566;524C_2;pouillot_veloce;2
567;524D_1;pouillot_veloce;2
568;524D_2;pouillot_veloce;2
569;682A_1;pouillot_veloce;2
570;682A_2;pouillot_veloce;2
571;682B_1;pouillot_veloce;2
572;682B_2;pouillot_veloce;1
573;682C_1;pouillot_veloce;4
574;682C_2;pouillot_veloce;1
575;682D_1;pouillot_veloce;1
576;682D_2;pouillot_veloce;0
577;689A_1;pouillot_veloce;1
578;689A_2;pouillot_veloce;3
579;689B_1;pouillot_veloce;2
580;689B_2;pouillot_veloce;3
581;689C_1;pouillot_veloce;1
582;689C_2;pouillot_veloce;2
583;689D_1;pouillot_veloce;2
584;689D_2;pouillot_veloce;1
585;695A_1;pouillot_veloce;3
586;695A_2;pouillot_veloce;2
587;695B_1;pouillot_veloce;2
588;695B_2;pouillot_veloce;1
589;695C_1;pouillot_veloce;2
590;695C_2;pouillot_veloce;4
591;695D_1;pouillot_veloce;1
592;695D_2;pouillot_veloce;4
593;702A_1;pouillot_veloce;3
594;702A_2;pouillot_veloce;1
595;702B_1;pouillot_veloce;1
596;702B_2;pouillot_veloce;1
597;702C_1;pouillot_veloce;1
598;702C_2;pouillot_veloce;1
599;702D_1;pouillot_veloce;0
600;702D_2;pouillot_veloce;1
601;708A_1;pouillot_veloce;1
602;708A_2;pouillot_veloce;3
603;708B_1;pouillot_veloce;1
604;708B_2;pouillot_veloce;1
605;708C_1;pouillot_veloce;2
606;708C_2;pouillot_veloce;4
607;708D_1;pouillot_veloce;1
608;708D_2;pouillot_veloce;3
609;771A_1;pouillot_veloce;1
610;771A_2;pouillot_veloce;2
611;771B_1;pouillot_veloce;4
612;771B_2;pouillot_veloce;1
613;771C_1;pouillot_veloce;3
614;771C_2;pouillot_veloce;1
615;771D_1;pouillot_veloce;1
616;771D_2;pouillot_veloce;4
617;791A_1;pouillot_veloce;1
618;791A_2;pouillot_veloce;1
619;791B_1;pouillot_veloce;3
620;791B_2;pouillot_veloce;2
621;791C_1;pouillot_veloce;2
622;791C_2;pouillot_veloce;4
623;791D_1;pouillot_veloce;2
624;791D_2;pouillot_veloce;0
625;001A_1;tourterelle_des_bois;0
626;001A_2;tourterelle_des_bois;0
627;001B_1;tourterelle_des_bois;0
628;001B_2;tourterelle_des_bois;0
629;001C_1;tourterelle_des_bois;0
630;001C_2;tourterelle_des_bois;0
631;001D_1;tourterelle_des_bois;0
632;001D_2;tourterelle_des_bois;0
633;016A_1;tourterelle_des_bois;0
634;016A_2;tourterelle_des_bois;0
635;016B_1;tourterelle_des_bois;0
636;016B_2;tourterelle_des_bois;0
637;016C_1;tourterelle_des_bois;0
638;016C_2;tourterelle_des_bois;0
639;016D_1;tourterelle_des_bois;0
640;016D_2;tourterelle_des_bois;0
641;025A_1;tourterelle_des_bois;0
642;025B_1;tourterelle_des_bois;0
643;025C_1;tourterelle_des_bois;0
644;025D_1;tourterelle_des_bois;0
645;030A_1;tourterelle_des_bois;0
646;030B_1;tourterelle_des_bois;0
647;030C_1;tourterelle_des_bois;0
648;030D_1;tourterelle_des_bois;0
649;053A_1;tourterelle_des_bois;0
650;053B_1;tourterelle_des_bois;0
651;053C_1;tourterelle_des_bois;0
652;053D_1;tourterelle_des_bois;0
653;058A_1;tourterelle_des_bois;0
654;058A_2;tourterelle_des_bois;0
655;058B_1;tourterelle_des_bois;0
656;058B_2;tourterelle_des_bois;0
657;058C_1;tourterelle_des_bois;0
658;058C_2;tourterelle_des_bois;0
659;058D_1;tourterelle_des_bois;0
660;058D_2;tourterelle_des_bois;0
661;063A_1;tourterelle_des_bois;0
662;063B_1;tourterelle_des_bois;0
663;063C_1;tourterelle_des_bois;0
664;063D_1;tourterelle_des_bois;0
665;143A_1;tourterelle_des_bois;0
666;143A_2;tourterelle_des_bois;0
667;143B_1;tourterelle_des_bois;0
668;143B_2;tourterelle_des_bois;0
669;143C_1;tourterelle_des_bois;0
670;143C_2;tourterelle_des_bois;0
671;143D_1;tourterelle_des_bois;0
672;143D_2;tourterelle_des_bois;0
673;166A_1;tourterelle_des_bois;0
674;166A_2;tourterelle_des_bois;0
675;166B_1;tourterelle_des_bois;0
676;166B_2;tourterelle_des_bois;0
677;166C_1;tourterelle_des_bois;0
678;166C_2;tourterelle_des_bois;0
679;166D_1;tourterelle_des_bois;0
680;166D_2;tourterelle_des_bois;0
681;168A_1;tourterelle_des_bois;0
682;168A_2;tourterelle_des_bois;0
683;168B_1;tourterelle_des_bois;0
684;168B_2;tourterelle_des_bois;0
685;168C_1;tourterelle_des_bois;0
686;168C_2;tourterelle_des_bois;0
687;168D_1;tourterelle_des_bois;0
688;168D_2;tourterelle_des_bois;0
689;182A_1;tourterelle_des_bois;0
690;182B_1;tourterelle_des_bois;0
691;182C_1;tourterelle_des_bois;0
692;182D_1;tourterelle_des_bois;0
693;199A_1;tourterelle_des_bois;0
694;199A_2;tourterelle_des_bois;0
695;199B_1;tourterelle_des_bois;0
696;199B_2;tourterelle_des_bois;0
697;199C_1;tourterelle_des_bois;0
698;199C_2;tourterelle_des_bois;1
699;199D_1;tourterelle_des_bois;0
700;199D_2;tourterelle_des_bois;0
701;213A_1;tourterelle_des_bois;1
702;213B_1;tourterelle_des_bois;1
703;213C_1;tourterelle_des_bois;0
704;213D_1;tourterelle_des_bois;1
705;242A_1;tourterelle_des_bois;0
706;242B_1;tourterelle_des_bois;0
707;242C_1;tourterelle_des_bois;0
708;242D_1;tourterelle_des_bois;0
709;260A_1;tourterelle_des_bois;0
710;260B_1;tourterelle_des_bois;0
711;260C_1;tourterelle_des_bois;0
712;260D_1;tourterelle_des_bois;0
713;271A_1;tourterelle_des_bois;0
714;271A_2;tourterelle_des_bois;0
715;271B_1;tourterelle_des_bois;0
716;271B_2;tourterelle_des_bois;0
717;271C_1;tourterelle_des_bois;0
718;271C_2;tourterelle_des_bois;0
719;271D_1;tourterelle_des_bois;0
720;271D_2;tourterelle_des_bois;0
721;354A_1;tourterelle_des_bois;0
722;354A_2;tourterelle_des_bois;2
723;354B_1;tourterelle_des_bois;1
724;354B_2;tourterelle_des_bois;0
725;354C_1;tourterelle_des_bois;0
726;354C_2;tourterelle_des_bois;0
727;354D_1;tourterelle_des_bois;0
728;354D_2;tourterelle_des_bois;0
729;385A_1;tourterelle_des_bois;0
730;385A_2;tourterelle_des_bois;2
731;385B_1;tourterelle_des_bois;0
732;385B_2;tourterelle_des_bois;1
733;385C_1;tourterelle_des_bois;0
734;385C_2;tourterelle_des_bois;1
735;385D_1;tourterelle_des_bois;0
736;385D_2;tourterelle_des_bois;1
737;434A_1;tourterelle_des_bois;0
738;434A_2;tourterelle_des_bois;0
739;434B_1;tourterelle_des_bois;1
740;434B_2;tourterelle_des_bois;0
741;434C_1;tourterelle_des_bois;0
742;434C_2;tourterelle_des_bois;1
743;434D_1;tourterelle_des_bois;1
744;434D_2;tourterelle_des_bois;1
745;443A_1;tourterelle_des_bois;0
746;443A_2;tourterelle_des_bois;0
747;443B_1;tourterelle_des_bois;0
748;443B_2;tourterelle_des_bois;0
749;443C_1;tourterelle_des_bois;0
750;443C_2;tourterelle_des_bois;0
751;443D_1;tourterelle_des_bois;0
752;443D_2;tourterelle_des_bois;0
753;452A_1;tourterelle_des_bois;0
754;452B_1;tourterelle_des_bois;0
755;452C_1;tourterelle_des_bois;0
756;452D_1;tourterelle_des_bois;0
757;490A_1;tourterelle_des_bois;0
758;490A_2;tourterelle_des_bois;0
759;490B_1;tourterelle_des_bois;0
760;490B_2;tourterelle_des_bois;0
761;490C_1;tourterelle_des_bois;0
762;490C_2;tourterelle_des_bois;0
763;490D_1;tourterelle_des_bois;0
764;490D_2;tourterelle_des_bois;0
765;506A_1;tourterelle_des_bois;0
766;506B_1;tourterelle_des_bois;0
767;506C_1;tourterelle_des_bois;0
768;506D_1;tourterelle_des_bois;0
769;524A_1;tourterelle_des_bois;0
770;524A_2;tourterelle_des_bois;0
771;524B_1;tourterelle_des_bois;1
772;524B_2;tourterelle_des_bois;0
773;524C_1;tourterelle_des_bois;1
774;524C_2;tourterelle_des_bois;0
775;524D_1;tourterelle_des_bois;2
776;524D_2;tourterelle_des_bois;0
777;682A_1;tourterelle_des_bois;0
778;682A_2;tourterelle_des_bois;0
779;682B_1;tourterelle_des_bois;0
780;682B_2;tourterelle_des_bois;0
781;682C_1;tourterelle_des_bois;0
782;682C_2;tourterelle_des_bois;0
783;682D_1;tourterelle_des_bois;0
784;682D_2;tourterelle_des_bois;0
785;689A_1;tourterelle_des_bois;0
786;689A_2;tourterelle_des_bois;0
787;689B_1;tourterelle_des_bois;0
788;689B_2;tourterelle_des_bois;0
789;689C_1;tourterelle_des_bois;0
790;689C_2;tourterelle_des_bois;0
791;689D_1;tourterelle_des_bois;0
792;689D_2;tourterelle_des_bois;0
793;695A_1;tourterelle_des_bois;0
794;695A_2;tourterelle_des_bois;0
795;695B_1;tourterelle_des_bois;0
796;695B_2;tourterelle_des_bois;0
797;695C_1;tourterelle_des_bois;0
798;695C_2;tourterelle_des_bois;0
799;695D_1;tourterelle_des_bois;0
800;695D_2;tourterelle_des_bois;0
801;702A_1;tourterelle_des_bois;0
802;702A_2;tourterelle_des_bois;0
803;702B_1;tourterelle_des_bois;0
804;702B_2;tourterelle_des_bois;0
805;702C_1;tourterelle_des_bois;0
806;702C_2;tourterelle_des_bois;0
807;702D_1;tourterelle_des_bois;0
808;702D_2;tourterelle_des_bois;0
809;708A_1;tourterelle_des_bois;0
810;708A_2;tourterelle_des_bois;0
811;708B_1;tourterelle_des_bois;0
812;708B_2;tourterelle_des_bois;0
813;708C_1;tourterelle_des_bois;0
814;708C_2;tourterelle_des_bois;0
815;708D_1;tourterelle_des_bois;0
816;708D_2;tourterelle_des_bois;0
817;771A_1;tourterelle_des_bois;0
818;771A_2;tourterelle_des_bois;0
819;771B_1;tourterelle_des_bois;0
820;771B_2;tourterelle_des_bois;0
821;771C_1;tourterelle_des_bois;0
822;771C_2;tourterelle_des_bois;0
823;771D_1;tourterelle_des_bois;0
824;771D_2;tourterelle_des_bois;0
825;791A_1;tourterelle_des_bois;0
826;791A_2;tourterelle_des_bois;0
827;791B_1;tourterelle_des_bois;0
828;791B_2;tourterelle_des_bois;0
829;791C_1;tourterelle_des_bois;0
830;791C_2;tourterelle_des_bois;0
831;791D_1;tourterelle_des_bois;0
832;791D_2;tourterelle_des_bois;0
833;001A_1;pic_epeiche;1
834;001A_2;pic_epeiche;2
835;001B_1;pic_epeiche;1
836;001B_2;pic_epeiche;2
837;001C_1;pic_epeiche;1
838;001C_2;pic_epeiche;0
839;001D_1;pic_epeiche;0
840;001D_2;pic_epeiche;0
841;016A_1;pic_epeiche;0
842;016A_2;pic_epeiche;0
843;016B_1;pic_epeiche;0
844;016B_2;pic_epeiche;0
845;016C_1;pic_epeiche;0
846;016C_2;pic_epeiche;0
847;016D_1;pic_epeiche;1
848;016D_2;pic_epeiche;0
849;025A_1;pic_epeiche;0
850;025B_1;pic_epeiche;0
851;025C_1;pic_epeiche;0
852;025D_1;pic_epeiche;0
853;030A_1;pic_epeiche;0
854;030B_1;pic_epeiche;1
855;030C_1;pic_epeiche;0
856;030D_1;pic_epeiche;0
857;053A_1;pic_epeiche;0
858;053B_1;pic_epeiche;1
859;053C_1;pic_epeiche;0
860;053D_1;pic_epeiche;0
861;058A_1;pic_epeiche;0
862;058A_2;pic_epeiche;1
863;058B_1;pic_epeiche;0
864;058B_2;pic_epeiche;0
865;058C_1;pic_epeiche;0
866;058C_2;pic_epeiche;0
867;058D_1;pic_epeiche;0
868;058D_2;pic_epeiche;0
869;063A_1;pic_epeiche;0
870;063B_1;pic_epeiche;1
871;063C_1;pic_epeiche;0
872;063D_1;pic_epeiche;0
873;143A_1;pic_epeiche;0
874;143A_2;pic_epeiche;0
875;143B_1;pic_epeiche;0
876;143B_2;pic_epeiche;0
877;143C_1;pic_epeiche;2
878;143C_2;pic_epeiche;0
879;143D_1;pic_epeiche;0
880;143D_2;pic_epeiche;0
881;166A_1;pic_epeiche;0
882;166A_2;pic_epeiche;0
883;166B_1;pic_epeiche;1
884;166B_2;pic_epeiche;1
885;166C_1;pic_epeiche;0
886;166C_2;pic_epeiche;1
887;166D_1;pic_epeiche;0
888;166D_2;pic_epeiche;1
889;168A_1;pic_epeiche;0
890;168A_2;pic_epeiche;0
891;168B_1;pic_epeiche;0
892;168B_2;pic_epeiche;0
893;168C_1;pic_epeiche;0
894;168C_2;pic_epeiche;0
895;168D_1;pic_epeiche;0
896;168D_2;pic_epeiche;1
897;182A_1;pic_epeiche;0
898;182B_1;pic_epeiche;0
899;182C_1;pic_epeiche;2
900;182D_1;pic_epeiche;0
901;199A_1;pic_epeiche;0
902;199A_2;pic_epeiche;0
903;199B_1;pic_epeiche;0
904;199B_2;pic_epeiche;0
905;199C_1;pic_epeiche;0
906;199C_2;pic_epeiche;0
907;199D_1;pic_epeiche;0
908;199D_2;pic_epeiche;0
909;213A_1;pic_epeiche;0
910;213B_1;pic_epeiche;0
911;213C_1;pic_epeiche;2
912;213D_1;pic_epeiche;0
913;242A_1;pic_epeiche;0
914;242B_1;pic_epeiche;0
915;242C_1;pic_epeiche;0
916;242D_1;pic_epeiche;0
917;260A_1;pic_epeiche;0
918;260B_1;pic_epeiche;0
919;260C_1;pic_epeiche;0
920;260D_1;pic_epeiche;0
921;271A_1;pic_epeiche;0
922;271A_2;pic_epeiche;1
923;271B_1;pic_epeiche;0
924;271B_2;pic_epeiche;0
925;271C_1;pic_epeiche;0
926;271C_2;pic_epeiche;1
927;271D_1;pic_epeiche;1
928;271D_2;pic_epeiche;0
929;354A_1;pic_epeiche;0
930;354A_2;pic_epeiche;0
931;354B_1;pic_epeiche;0
932;354B_2;pic_epeiche;0
933;354C_1;pic_epeiche;0
934;354C_2;pic_epeiche;0
935;354D_1;pic_epeiche;0
936;354D_2;pic_epeiche;0
937;385A_1;pic_epeiche;0
938;385A_2;pic_epeiche;1
939;385B_1;pic_epeiche;0
940;385B_2;pic_epeiche;0
941;385C_1;pic_epeiche;0
942;385C_2;pic_epeiche;0
943;385D_1;pic_epeiche;0
944;385D_2;pic_epeiche;0
945;434A_1;pic_epeiche;0
946;434A_2;pic_epeiche;0
947;434B_1;pic_epeiche;0
948;434B_2;pic_epeiche;0
949;434C_1;pic_epeiche;1
950;434C_2;pic_epeiche;0
951;434D_1;pic_epeiche;1
952;434D_2;pic_epeiche;1
953;443A_1;pic_epeiche;0
954;443A_2;pic_epeiche;0
955;443B_1;pic_epeiche;3
956;443B_2;pic_epeiche;0
957;443C_1;pic_epeiche;1
958;443C_2;pic_epeiche;1
959;443D_1;pic_epeiche;1
960;443D_2;pic_epeiche;0
961;452A_1;pic_epeiche;0
962;452B_1;pic_epeiche;0
963;452C_1;pic_epeiche;0
964;452D_1;pic_epeiche;0
965;490A_1;pic_epeiche;0
966;490A_2;pic_epeiche;1
967;490B_1;pic_epeiche;0
968;490B_2;pic_epeiche;0
969;490C_1;pic_epeiche;0
970;490C_2;pic_epeiche;0
971;490D_1;pic_epeiche;0
972;490D_2;pic_epeiche;2
973;506A_1;pic_epeiche;0
974;506B_1;pic_epeiche;0
975;506C_1;pic_epeiche;0
976;506D_1;pic_epeiche;0
977;524A_1;pic_epeiche;0
978;524A_2;pic_epeiche;0
979;524B_1;pic_epeiche;0
980;524B_2;pic_epeiche;0
981;524C_1;pic_epeiche;0
982;524C_2;pic_epeiche;0
983;524D_1;pic_epeiche;0
984;524D_2;pic_epeiche;0
985;682A_1;pic_epeiche;0
986;682A_2;pic_epeiche;0
987;682B_1;pic_epeiche;0
988;682B_2;pic_epeiche;0
989;682C_1;pic_epeiche;1
990;682C_2;pic_epeiche;0
991;682D_1;pic_epeiche;0
992;682D_2;pic_epeiche;0
993;689A_1;pic_epeiche;0
994;689A_2;pic_epeiche;0
995;689B_1;pic_epeiche;0
996;689B_2;pic_epeiche;0
997;689C_1;pic_epeiche;0
998;689C_2;pic_epeiche;0
999;689D_1;pic_epeiche;0
1000;689D_2;pic_epeiche;1
1001;695A_1;pic_epeiche;0
1002;695A_2;pic_epeiche;0
1003;695B_1;pic_epeiche;1
1004;695B_2;pic_epeiche;2
1005;695C_1;pic_epeiche;0
1006;695C_2;pic_epeiche;0
1007;695D_1;pic_epeiche;0
1008;695D_2;pic_epeiche;0
1009;702A_1;pic_epeiche;0
1010;702A_2;pic_epeiche;0
1011;702B_1;pic_epeiche;0
1012;702B_2;pic_epeiche;0
1013;702C_1;pic_epeiche;0
1014;702C_2;pic_epeiche;0
1015;702D_1;pic_epeiche;0
1016;702D_2;pic_epeiche;0
1017;708A_1;pic_epeiche;0
1018;708A_2;pic_epeiche;2
1019;708B_1;pic_epeiche;0
1020;708B_2;pic_epeiche;0
1021;708C_1;pic_epeiche;0
1022;708C_2;pic_epeiche;1
1023;708D_1;pic_epeiche;0
1024;708D_2;pic_epeiche;0
1025;771A_1;pic_epeiche;0
1026;771A_2;pic_epeiche;1
1027;771B_1;pic_epeiche;1
1028;771B_2;pic_epeiche;4
1029;771C_1;pic_epeiche;0
1030;771C_2;pic_epeiche;0
1031;771D_1;pic_epeiche;0
1032;771D_2;pic_epeiche;2
1033;791A_1;pic_epeiche;0
1034;791A_2;pic_epeiche;2
1035;791B_1;pic_epeiche;0
1036;791B_2;pic_epeiche;2
1037;791C_1;pic_epeiche;0
1038;791C_2;pic_epeiche;0
1039;791D_1;pic_epeiche;1
1040;791D_2;pic_epeiche;0
1041;001A_1;etourneau_sansonnet;0
1042;001A_2;etourneau_sansonnet;1
1043;001B_1;etourneau_sansonnet;2
1044;001B_2;etourneau_sansonnet;1
1045;001C_1;etourneau_sansonnet;2
1046;001C_2;etourneau_sansonnet;0
1047;001D_1;etourneau_sansonnet;0
1048;001D_2;etourneau_sansonnet;0
1049;016A_1;etourneau_sansonnet;2
1050;016A_2;etourneau_sansonnet;7
1051;016B_1;etourneau_sansonnet;0
1052;016B_2;etourneau_sansonnet;0
1053;016C_1;etourneau_sansonnet;2
1054;016C_2;etourneau_sansonnet;2
1055;016D_1;etourneau_sansonnet;28
1056;016D_2;etourneau_sansonnet;15
1057;025A_1;etourneau_sansonnet;1
1058;025B_1;etourneau_sansonnet;0
1059;025C_1;etourneau_sansonnet;5
1060;025D_1;etourneau_sansonnet;0
1061;030A_1;etourneau_sansonnet;0
1062;030B_1;etourneau_sansonnet;0
1063;030C_1;etourneau_sansonnet;5
1064;030D_1;etourneau_sansonnet;1
1065;053A_1;etourneau_sansonnet;1
1066;053B_1;etourneau_sansonnet;2
1067;053C_1;etourneau_sansonnet;2
1068;053D_1;etourneau_sansonnet;0
1069;058A_1;etourneau_sansonnet;4
1070;058A_2;etourneau_sansonnet;9
1071;058B_1;etourneau_sansonnet;0
1072;058B_2;etourneau_sansonnet;18
1073;058C_1;etourneau_sansonnet;1
1074;058C_2;etourneau_sansonnet;3
1075;058D_1;etourneau_sansonnet;2
1076;058D_2;etourneau_sansonnet;2
1077;063A_1;etourneau_sansonnet;1
1078;063B_1;etourneau_sansonnet;2
1079;063C_1;etourneau_sansonnet;3
1080;063D_1;etourneau_sansonnet;1
1081;143A_1;etourneau_sansonnet;0
1082;143A_2;etourneau_sansonnet;4
1083;143B_1;etourneau_sansonnet;3
1084;143B_2;etourneau_sansonnet;205
1085;143C_1;etourneau_sansonnet;16
1086;143C_2;etourneau_sansonnet;3
1087;143D_1;etourneau_sansonnet;13
1088;143D_2;etourneau_sansonnet;0
1089;166A_1;etourneau_sansonnet;0
1090;166A_2;etourneau_sansonnet;0
1091;166B_1;etourneau_sansonnet;2
1092;166B_2;etourneau_sansonnet;1
1093;166C_1;etourneau_sansonnet;7
1094;166C_2;etourneau_sansonnet;3
1095;166D_1;etourneau_sansonnet;1
1096;166D_2;etourneau_sansonnet;9
1097;168A_1;etourneau_sansonnet;4
1098;168A_2;etourneau_sansonnet;0
1099;168B_1;etourneau_sansonnet;0
1100;168B_2;etourneau_sansonnet;0
1101;168C_1;etourneau_sansonnet;2
1102;168C_2;etourneau_sansonnet;0
1103;168D_1;etourneau_sansonnet;1
1104;168D_2;etourneau_sansonnet;0
1105;182A_1;etourneau_sansonnet;4
1106;182B_1;etourneau_sansonnet;3
1107;182C_1;etourneau_sansonnet;0
1108;182D_1;etourneau_sansonnet;0
1109;199A_1;etourneau_sansonnet;0
1110;199A_2;etourneau_sansonnet;0
1111;199B_1;etourneau_sansonnet;2
1112;199B_2;etourneau_sansonnet;7
1113;199C_1;etourneau_sansonnet;7
1114;199C_2;etourneau_sansonnet;1
1115;199D_1;etourneau_sansonnet;2
1116;199D_2;etourneau_sansonnet;0
1117;213A_1;etourneau_sansonnet;0
1118;213B_1;etourneau_sansonnet;0
1119;213C_1;etourneau_sansonnet;3
1120;213D_1;etourneau_sansonnet;1
1121;242A_1;etourneau_sansonnet;4
1122;242B_1;etourneau_sansonnet;1
1123;242C_1;etourneau_sansonnet;2
1124;242D_1;etourneau_sansonnet;5
1125;260A_1;etourneau_sansonnet;1
1126;260B_1;etourneau_sansonnet;1
1127;260C_1;etourneau_sansonnet;4
1128;260D_1;etourneau_sansonnet;1
1129;271A_1;etourneau_sansonnet;0
1130;271A_2;etourneau_sansonnet;1
1131;271B_1;etourneau_sansonnet;0
1132;271B_2;etourneau_sansonnet;0
1133;271C_1;etourneau_sansonnet;0
1134;271C_2;etourneau_sansonnet;3
1135;271D_1;etourneau_sansonnet;2
1136;271D_2;etourneau_sansonnet;0
1137;354A_1;etourneau_sansonnet;7
1138;354A_2;etourneau_sansonnet;30
1139;354B_1;etourneau_sansonnet;0
1140;354B_2;etourneau_sansonnet;0
1141;354C_1;etourneau_sansonnet;0
1142;354C_2;etourneau_sansonnet;0
1143;354D_1;etourneau_sansonnet;0
1144;354D_2;etourneau_sansonnet;2
1145;385A_1;etourneau_sansonnet;1
1146;385A_2;etourneau_sansonnet;0
1147;385B_1;etourneau_sansonnet;2
1148;385B_2;etourneau_sansonnet;3
1149;385C_1;etourneau_sansonnet;11
1150;385C_2;etourneau_sansonnet;3
1151;385D_1;etourneau_sansonnet;0
1152;385D_2;etourneau_sansonnet;1
1153;434A_1;etourneau_sansonnet;4
1154;434A_2;etourneau_sansonnet;0
1155;434B_1;etourneau_sansonnet;2
1156;434B_2;etourneau_sansonnet;2
1157;434C_1;etourneau_sansonnet;0
1158;434C_2;etourneau_sansonnet;0
1159;434D_1;etourneau_sansonnet;0
1160;434D_2;etourneau_sansonnet;0
1161;443A_1;etourneau_sansonnet;0
1162;443A_2;etourneau_sansonnet;0
1163;443B_1;etourneau_sansonnet;1
1164;443B_2;etourneau_sansonnet;0
1165;443C_1;etourneau_sansonnet;2
1166;443C_2;etourneau_sansonnet;0
1167;443D_1;etourneau_sansonnet;0
1168;443D_2;etourneau_sansonnet;0
1169;452A_1;etourneau_sansonnet;2
1170;452B_1;etourneau_sansonnet;0
1171;452C_1;etourneau_sansonnet;3
1172;452D_1;etourneau_sansonnet;0
1173;490A_1;etourneau_sansonnet;1
1174;490A_2;etourneau_sansonnet;22
1175;490B_1;etourneau_sansonnet;2
1176;490B_2;etourneau_sansonnet;1
1177;490C_1;etourneau_sansonnet;8
1178;490C_2;etourneau_sansonnet;0
1179;490D_1;etourneau_sansonnet;2
1180;490D_2;etourneau_sansonnet;1
1181;506A_1;etourneau_sansonnet;0
1182;506B_1;etourneau_sansonnet;4
1183;506C_1;etourneau_sansonnet;3
1184;506D_1;etourneau_sansonnet;5
1185;524A_1;etourneau_sansonnet;0
1186;524A_2;etourneau_sansonnet;1
1187;524B_1;etourneau_sansonnet;0
1188;524B_2;etourneau_sansonnet;1
1189;524C_1;etourneau_sansonnet;0
1190;524C_2;etourneau_sansonnet;0
1191;524D_1;etourneau_sansonnet;0
1192;524D_2;etourneau_sansonnet;0
1193;682A_1;etourneau_sansonnet;20
1194;682A_2;etourneau_sansonnet;2
1195;682B_1;etourneau_sansonnet;2
1196;682B_2;etourneau_sansonnet;2
1197;682C_1;etourneau_sansonnet;3
1198;682C_2;etourneau_sansonnet;1
1199;682D_1;etourneau_sansonnet;7
1200;682D_2;etourneau_sansonnet;0
1201;689A_1;etourneau_sansonnet;2
1202;689A_2;etourneau_sansonnet;2
1203;689B_1;etourneau_sansonnet;1
1204;689B_2;etourneau_sansonnet;0
1205;689C_1;etourneau_sansonnet;0
1206;689C_2;etourneau_sansonnet;3
1207;689D_1;etourneau_sansonnet;5
1208;689D_2;etourneau_sansonnet;0
1209;695A_1;etourneau_sansonnet;8
1210;695A_2;etourneau_sansonnet;0
1211;695B_1;etourneau_sansonnet;0
1212;695B_2;etourneau_sansonnet;0
1213;695C_1;etourneau_sansonnet;3
1214;695C_2;etourneau_sansonnet;1
1215;695D_1;etourneau_sansonnet;4
1216;695D_2;etourneau_sansonnet;4
1217;702A_1;etourneau_sansonnet;1
1218;702A_2;etourneau_sansonnet;11
1219;702B_1;etourneau_sansonnet;6
1220;702B_2;etourneau_sansonnet;0
1221;702C_1;etourneau_sansonnet;1
1222;702C_2;etourneau_sansonnet;0
1223;702D_1;etourneau_sansonnet;1
1224;702D_2;etourneau_sansonnet;67
1225;708A_1;etourneau_sansonnet;6
1226;708A_2;etourneau_sansonnet;2
1227;708B_1;etourneau_sansonnet;2
1228;708B_2;etourneau_sansonnet;0
1229;708C_1;etourneau_sansonnet;2
1230;708C_2;etourneau_sansonnet;0
1231;708D_1;etourneau_sansonnet;19
1232;708D_2;etourneau_sansonnet;0
1233;771A_1;etourneau_sansonnet;1
1234;771A_2;etourneau_sansonnet;0
1235;771B_1;etourneau_sansonnet;0
1236;771B_2;etourneau_sansonnet;0
1237;771C_1;etourneau_sansonnet;0
1238;771C_2;etourneau_sansonnet;1
1239;771D_1;etourneau_sansonnet;0
1240;771D_2;etourneau_sansonnet;0
1241;791A_1;etourneau_sansonnet;0
1242;791A_2;etourneau_sansonnet;0
1243;791B_1;etourneau_sansonnet;0
1244;791B_2;etourneau_sansonnet;1
1245;791C_1;etourneau_sansonnet;0
1246;791C_2;etourneau_sansonnet;2
1247;791D_1;etourneau_sansonnet;0
1248;791D_2;etourneau_sansonnet;5
1249;001A_1;caille_des_bles;0
1250;001A_2;caille_des_bles;0
1251;001B_1;caille_des_bles;0
1252;001B_2;caille_des_bles;0
1253;001C_1;caille_des_bles;0
1254;001C_2;caille_des_bles;1
1255;001D_1;caille_des_bles;0
1256;001D_2;caille_des_bles;0
1257;016A_1;caille_des_bles;0
1258;016A_2;caille_des_bles;0
1259;016B_1;caille_des_bles;0
1260;016B_2;caille_des_bles;0
1261;016C_1;caille_des_bles;0
1262;016C_2;caille_des_bles;0
1263;016D_1;caille_des_bles;0
1264;016D_2;caille_des_bles;0
1265;025A_1;caille_des_bles;0
1266;025B_1;caille_des_bles;0
1267;025C_1;caille_des_bles;0
1268;025D_1;caille_des_bles;0
1269;030A_1;caille_des_bles;0
1270;030B_1;caille_des_bles;0
1271;030C_1;caille_des_bles;0
1272;030D_1;caille_des_bles;0
1273;053A_1;caille_des_bles;0
1274;053B_1;caille_des_bles;0
1275;053C_1;caille_des_bles;0
1276;053D_1;caille_des_bles;0
1277;058A_1;caille_des_bles;0
1278;058A_2;caille_des_bles;0
1279;058B_1;caille_des_bles;0
1280;058B_2;caille_des_bles;0
1281;058C_1;caille_des_bles;0
1282;058C_2;caille_des_bles;0
1283;058D_1;caille_des_bles;0
1284;058D_2;caille_des_bles;1
1285;063A_1;caille_des_bles;0
1286;063B_1;caille_des_bles;0
1287;063C_1;caille_des_bles;0
1288;063D_1;caille_des_bles;0
1289;143A_1;caille_des_bles;0
1290;143A_2;caille_des_bles;1
1291;143B_1;caille_des_bles;0
1292;143B_2;caille_des_bles;2
1293;143C_1;caille_des_bles;0
1294;143C_2;caille_des_bles;0
1295;143D_1;caille_des_bles;0
1296;143D_2;caille_des_bles;0
1297;166A_1;caille_des_bles;0
1298;166A_2;caille_des_bles;0
1299;166B_1;caille_des_bles;0
1300;166B_2;caille_des_bles;0
1301;166C_1;caille_des_bles;0
1302;166C_2;caille_des_bles;0
1303;166D_1;caille_des_bles;0
1304;166D_2;caille_des_bles;0
1305;168A_1;caille_des_bles;0
1306;168A_2;caille_des_bles;0
1307;168B_1;caille_des_bles;0
1308;168B_2;caille_des_bles;0
1309;168C_1;caille_des_bles;0
1310;168C_2;caille_des_bles;0
1311;168D_1;caille_des_bles;0
1312;168D_2;caille_des_bles;0
1313;182A_1;caille_des_bles;0
1314;182B_1;caille_des_bles;0
1315;182C_1;caille_des_bles;0
1316;182D_1;caille_des_bles;0
1317;199A_1;caille_des_bles;0
1318;199A_2;caille_des_bles;1
1319;199B_1;caille_des_bles;0
1320;199B_2;caille_des_bles;0
1321;199C_1;caille_des_bles;0
1322;199C_2;caille_des_bles;1
1323;199D_1;caille_des_bles;0
1324;199D_2;caille_des_bles;1
1325;213A_1;caille_des_bles;0
1326;213B_1;caille_des_bles;0
1327;213C_1;caille_des_bles;0
1328;213D_1;caille_des_bles;0
1329;242A_1;caille_des_bles;0
1330;242B_1;caille_des_bles;0
1331;242C_1;caille_des_bles;0
1332;242D_1;caille_des_bles;0
1333;260A_1;caille_des_bles;0
1334;260B_1;caille_des_bles;0
1335;260C_1;caille_des_bles;0
1336;260D_1;caille_des_bles;0
1337;271A_1;caille_des_bles;0
1338;271A_2;caille_des_bles;0
1339;271B_1;caille_des_bles;0
1340;271B_2;caille_des_bles;0
1341;271C_1;caille_des_bles;0
1342;271C_2;caille_des_bles;0
1343;271D_1;caille_des_bles;0
1344;271D_2;caille_des_bles;1
1345;354A_1;caille_des_bles;0
1346;354A_2;caille_des_bles;0
1347;354B_1;caille_des_bles;0
1348;354B_2;caille_des_bles;0
1349;354C_1;caille_des_bles;0
1350;354C_2;caille_des_bles;0
1351;354D_1;caille_des_bles;0
1352;354D_2;caille_des_bles;0
1353;385A_1;caille_des_bles;0
1354;385A_2;caille_des_bles;0
1355;385B_1;caille_des_bles;0
1356;385B_2;caille_des_bles;0
1357;385C_1;caille_des_bles;0
1358;385C_2;caille_des_bles;0
1359;385D_1;caille_des_bles;0
1360;385D_2;caille_des_bles;0
1361;434A_1;caille_des_bles;0
1362;434A_2;caille_des_bles;0
1363;434B_1;caille_des_bles;0
1364;434B_2;caille_des_bles;0
1365;434C_1;caille_des_bles;0
1366;434C_2;caille_des_bles;0
1367;434D_1;caille_des_bles;0
1368;434D_2;caille_des_bles;0
1369;443A_1;caille_des_bles;0
1370;443A_2;caille_des_bles;0
1371;443B_1;caille_des_bles;0
1372;443B_2;caille_des_bles;0
1373;443C_1;caille_des_bles;0
1374;443C_2;caille_des_bles;0
1375;443D_1;caille_des_bles;0
1376;443D_2;caille_des_bles;0
1377;452A_1;caille_des_bles;0
1378;452B_1;caille_des_bles;0
1379;452C_1;caille_des_bles;0
1380;452D_1;caille_des_bles;0
1381;490A_1;caille_des_bles;0
1382;490A_2;caille_des_bles;0
1383;490B_1;caille_des_bles;0
1384;490B_2;caille_des_bles;0
1385;490C_1;caille_des_bles;0
1386;490C_2;caille_des_bles;0
1387;490D_1;caille_des_bles;0
1388;490D_2;caille_des_bles;0
1389;506A_1;caille_des_bles;0
1390;506B_1;caille_des_bles;0
1391;506C_1;caille_des_bles;0
1392;506D_1;caille_des_bles;0
1393;524A_1;caille_des_bles;0
1394;524A_2;caille_des_bles;0
1395;524B_1;caille_des_bles;0
1396;524B_2;caille_des_bles;0
1397;524C_1;caille_des_bles;0
1398;524C_2;caille_des_bles;0
1399;524D_1;caille_des_bles;0
1400;524D_2;caille_des_bles;0
1401;682A_1;caille_des_bles;0
1402;682A_2;caille_des_bles;0
1403;682B_1;caille_des_bles;0
1404;682B_2;caille_des_bles;0
1405;682C_1;caille_des_bles;0
1406;682C_2;caille_des_bles;0
1407;682D_1;caille_des_bles;0
1408;682D_2;caille_des_bles;0
1409;689A_1;caille_des_bles;0
1410;689A_2;caille_des_bles;0
1411;689B_1;caille_des_bles;0
1412;689B_2;caille_des_bles;0
1413;689C_1;caille_des_bles;0
1414;689C_2;caille_des_bles;0
1415;689D_1;caille_des_bles;0
1416;689D_2;caille_des_bles;0
1417;695A_1;caille_des_bles;0
1418;695A_2;caille_des_bles;0
1419;695B_1;caille_des_bles;0
1420;695B_2;caille_des_bles;0
1421;695C_1;caille_des_bles;0
1422;695C_2;caille_des_bles;0
1423;695D_1;caille_des_bles;0
1424;695D_2;caille_des_bles;0
1425;702A_1;caille_des_bles;0
1426;702A_2;caille_des_bles;0
1427;702B_1;caille_des_bles;0
1428;702B_2;caille_des_bles;0
1429;702C_1;caille_des_bles;0
1430;702C_2;caille_des_bles;0
1431;702D_1;caille_des_bles;0
1432;702D_2;caille_des_bles;0
1433;708A_1;caille_des_bles;0
1434;708A_2;caille_des_bles;0
1435;708B_1;caille_des_bles;0
1436;708B_2;caille_des_bles;0
1437;708C_1;caille_des_bles;0
1438;708C_2;caille_des_bles;0
1439;708D_1;caille_des_bles;0
1440;708D_2;caille_des_bles;0
1441;771A_1;caille_des_bles;0
1442;771A_2;caille_des_bles;0
1443;771B_1;caille_des_bles;0
1444;771B_2;caille_des_bles;0
1445;771C_1;caille_des_bles;0
1446;771C_2;caille_des_bles;0
1447;771D_1;caille_des_bles;0
1448;771D_2;caille_des_bles;0
1449;791A_1;caille_des_bles;0
1450;791A_2;caille_des_bles;0
1451;791B_1;caille_des_bles;0
1452;791B_2;caille_des_bles;0
1453;791C_1;caille_des_bles;0
1454;791C_2;caille_des_bles;0
1455;791D_1;caille_des_bles;0
1456;791D_2;caille_des_bles;0
1457;001A_1;mesange_a_longue_queue;0
1458;001A_2;mesange_a_longue_queue;0
1459;001B_1;mesange_a_longue_queue;0
1460;001B_2;mesange_a_longue_queue;0
1461;001C_1;mesange_a_longue_queue;0
1462;001C_2;mesange_a_longue_queue;0
1463;001D_1;mesange_a_longue_queue;0
1464;001D_2;mesange_a_longue_queue;0
1465;016A_1;mesange_a_longue_queue;0
1466;016A_2;mesange_a_longue_queue;0
1467;016B_1;mesange_a_longue_queue;0
1468;016B_2;mesange_a_longue_queue;0
1469;016C_1;mesange_a_longue_queue;0
1470;016C_2;mesange_a_longue_queue;0
1471;016D_1;mesange_a_longue_queue;0
1472;016D_2;mesange_a_longue_queue;0
1473;025A_1;mesange_a_longue_queue;0
1474;025B_1;mesange_a_longue_queue;0
1475;025C_1;mesange_a_longue_queue;0
1476;025D_1;mesange_a_longue_queue;0
1477;030A_1;mesange_a_longue_queue;2
1478;030B_1;mesange_a_longue_queue;0
1479;030C_1;mesange_a_longue_queue;0
1480;030D_1;mesange_a_longue_queue;0
1481;053A_1;mesange_a_longue_queue;0
1482;053B_1;mesange_a_longue_queue;0
1483;053C_1;mesange_a_longue_queue;0
1484;053D_1;mesange_a_longue_queue;0
1485;058A_1;mesange_a_longue_queue;0
1486;058A_2;mesange_a_longue_queue;0
1487;058B_1;mesange_a_longue_queue;0
1488;058B_2;mesange_a_longue_queue;0
1489;058C_1;mesange_a_longue_queue;0
1490;058C_2;mesange_a_longue_queue;0
1491;058D_1;mesange_a_longue_queue;0
1492;058D_2;mesange_a_longue_queue;0
1493;063A_1;mesange_a_longue_queue;0
1494;063B_1;mesange_a_longue_queue;0
1495;063C_1;mesange_a_longue_queue;0
1496;063D_1;mesange_a_longue_queue;0
1497;143A_1;mesange_a_longue_queue;0
1498;143A_2;mesange_a_longue_queue;0
1499;143B_1;mesange_a_longue_queue;0
1500;143B_2;mesange_a_longue_queue;0
1501;143C_1;mesange_a_longue_queue;0
1502;143C_2;mesange_a_longue_queue;0
1503;143D_1;mesange_a_longue_queue;0
1504;143D_2;mesange_a_longue_queue;0
1505;166A_1;mesange_a_longue_queue;0
1506;166A_2;mesange_a_longue_queue;0
1507;166B_1;mesange_a_longue_queue;0
1508;166B_2;mesange_a_longue_queue;0
1509;166C_1;mesange_a_longue_queue;3
1510;166C_2;mesange_a_longue_queue;0
1511;166D_1;mesange_a_longue_queue;0
1512;166D_2;mesange_a_longue_queue;0
1513;168A_1;mesange_a_longue_queue;0
1514;168A_2;mesange_a_longue_queue;0
1515;168B_1;mesange_a_longue_queue;0
1516;168B_2;mesange_a_longue_queue;0
1517;168C_1;mesange_a_longue_queue;0
1518;168C_2;mesange_a_longue_queue;0
1519;168D_1;mesange_a_longue_queue;0
1520;168D_2;mesange_a_longue_queue;0
1521;182A_1;mesange_a_longue_queue;0
1522;182B_1;mesange_a_longue_queue;0
1523;182C_1;mesange_a_longue_queue;0
1524;182D_1;mesange_a_longue_queue;0
1525;199A_1;mesange_a_longue_queue;0
1526;199A_2;mesange_a_longue_queue;0
1527;199B_1;mesange_a_longue_queue;0
1528;199B_2;mesange_a_longue_queue;0
1529;199C_1;mesange_a_longue_queue;1
1530;199C_2;mesange_a_longue_queue;0
1531;199D_1;mesange_a_longue_queue;0
1532;199D_2;mesange_a_longue_queue;2
1533;213A_1;mesange_a_longue_queue;0
1534;213B_1;mesange_a_longue_queue;0
1535;213C_1;mesange_a_longue_queue;0
1536;213D_1;mesange_a_longue_queue;0
1537;242A_1;mesange_a_longue_queue;0
1538;242B_1;mesange_a_longue_queue;0
1539;242C_1;mesange_a_longue_queue;0
1540;242D_1;mesange_a_longue_queue;0
1541;260A_1;mesange_a_longue_queue;0
1542;260B_1;mesange_a_longue_queue;0
1543;260C_1;mesange_a_longue_queue;1
1544;260D_1;mesange_a_longue_queue;0
1545;271A_1;mesange_a_longue_queue;0
1546;271A_2;mesange_a_longue_queue;0
1547;271B_1;mesange_a_longue_queue;0
1548;271B_2;mesange_a_longue_queue;0
1549;271C_1;mesange_a_longue_queue;0
1550;271C_2;mesange_a_longue_queue;0
1551;271D_1;mesange_a_longue_queue;0
1552;271D_2;mesange_a_longue_queue;0
1553;354A_1;mesange_a_longue_queue;0
1554;354A_2;mesange_a_longue_queue;0
1555;354B_1;mesange_a_longue_queue;0
1556;354B_2;mesange_a_longue_queue;0
1557;354C_1;mesange_a_longue_queue;0
1558;354C_2;mesange_a_longue_queue;0
1559;354D_1;mesange_a_longue_queue;0
1560;354D_2;mesange_a_longue_queue;0
1561;385A_1;mesange_a_longue_queue;0
1562;385A_2;mesange_a_longue_queue;0
1563;385B_1;mesange_a_longue_queue;0
1564;385B_2;mesange_a_longue_queue;0
1565;385C_1;mesange_a_longue_queue;0
1566;385C_2;mesange_a_longue_queue;0
1567;385D_1;mesange_a_longue_queue;0
1568;385D_2;mesange_a_longue_queue;0
1569;434A_1;mesange_a_longue_queue;0
1570;434A_2;mesange_a_longue_queue;0
1571;434B_1;mesange_a_longue_queue;0
1572;434B_2;mesange_a_longue_queue;0
1573;434C_1;mesange_a_longue_queue;0
1574;434C_2;mesange_a_longue_queue;0
1575;434D_1;mesange_a_longue_queue;0
1576;434D_2;mesange_a_longue_queue;2
1577;443A_1;mesange_a_longue_queue;0
1578;443A_2;mesange_a_longue_queue;0
1579;443B_1;mesange_a_longue_queue;0
1580;443B_2;mesange_a_longue_queue;0
1581;443C_1;mesange_a_longue_queue;0
1582;443C_2;mesange_a_longue_queue;0
1583;443D_1;mesange_a_longue_queue;1
1584;443D_2;mesange_a_longue_queue;0
1585;452A_1;mesange_a_longue_queue;0
1586;452B_1;mesange_a_longue_queue;0
1587;452C_1;mesange_a_longue_queue;0
1588;452D_1;mesange_a_longue_queue;0
1589;490A_1;mesange_a_longue_queue;0
1590;490A_2;mesange_a_longue_queue;0
1591;490B_1;mesange_a_longue_queue;0
1592;490B_2;mesange_a_longue_queue;0
1593;490C_1;mesange_a_longue_queue;0
1594;490C_2;mesange_a_longue_queue;0
1595;490D_1;mesange_a_longue_queue;0
1596;490D_2;mesange_a_longue_queue;0
1597;506A_1;mesange_a_longue_queue;0
1598;506B_1;mesange_a_longue_queue;0
1599;506C_1;mesange_a_longue_queue;0
1600;506D_1;mesange_a_longue_queue;0
1601;524A_1;mesange_a_longue_queue;0
1602;524A_2;mesange_a_longue_queue;0
1603;524B_1;mesange_a_longue_queue;0
1604;524B_2;mesange_a_longue_queue;0
1605;524C_1;mesange_a_longue_queue;0
1606;524C_2;mesange_a_longue_queue;0
1607;524D_1;mesange_a_longue_queue;0
1608;524D_2;mesange_a_longue_queue;0
1609;682A_1;mesange_a_longue_queue;0
1610;682A_2;mesange_a_longue_queue;0
1611;682B_1;mesange_a_longue_queue;0
1612;682B_2;mesange_a_longue_queue;0
1613;682C_1;mesange_a_longue_queue;0
1614;682C_2;mesange_a_longue_queue;0
1615;682D_1;mesange_a_longue_queue;0
1616;682D_2;mesange_a_longue_queue;0
1617;689A_1;mesange_a_longue_queue;1
1618;689A_2;mesange_a_longue_queue;0
1619;689B_1;mesange_a_longue_queue;0
1620;689B_2;mesange_a_longue_queue;0
1621;689C_1;mesange_a_longue_queue;0
1622;689C_2;mesange_a_longue_queue;0
1623;689D_1;mesange_a_longue_queue;1
1624;689D_2;mesange_a_longue_queue;0
1625;695A_1;mesange_a_longue_queue;0
1626;695A_2;mesange_a_longue_queue;0
1627;695B_1;mesange_a_longue_queue;0
1628;695B_2;mesange_a_longue_queue;0
1629;695C_1;mesange_a_longue_queue;0
1630;695C_2;mesange_a_longue_queue;0
1631;695D_1;mesange_a_longue_queue;0
1632;695D_2;mesange_a_longue_queue;0
1633;702A_1;mesange_a_longue_queue;2
1634;702A_2;mesange_a_longue_queue;0
1635;702B_1;mesange_a_longue_queue;0
1636;702B_2;mesange_a_longue_queue;0
1637;702C_1;mesange_a_longue_queue;0
1638;702C_2;mesange_a_longue_queue;0
1639;702D_1;mesange_a_longue_queue;0
1640;702D_2;mesange_a_longue_queue;2
1641;708A_1;mesange_a_longue_queue;0
1642;708A_2;mesange_a_longue_queue;0
1643;708B_1;mesange_a_longue_queue;0
1644;708B_2;mesange_a_longue_queue;0
1645;708C_1;mesange_a_longue_queue;0
1646;708C_2;mesange_a_longue_queue;0
1647;708D_1;mesange_a_longue_queue;0
1648;708D_2;mesange_a_longue_queue;0
1649;771A_1;mesange_a_longue_queue;0
1650;771A_2;mesange_a_longue_queue;0
1651;771B_1;mesange_a_longue_queue;0
1652;771B_2;mesange_a_longue_queue;0
1653;771C_1;mesange_a_longue_queue;0
1654;771C_2;mesange_a_longue_queue;0
1655;771D_1;mesange_a_longue_queue;0
1656;771D_2;mesange_a_longue_queue;0
1657;791A_1;mesange_a_longue_queue;2
1658;791A_2;mesange_a_longue_queue;0
1659;791B_1;mesange_a_longue_queue;0
1660;791B_2;mesange_a_longue_queue;0
1661;791C_1;mesange_a_longue_queue;0
1662;791C_2;mesange_a_longue_queue;0
1663;791D_1;mesange_a_longue_queue;0
1664;791D_2;mesange_a_longue_queue;0
1665;001A_1;alouette_lulu;0
1666;001A_2;alouette_lulu;1
1667;001B_1;alouette_lulu;0
1668;001B_2;alouette_lulu;0
1669;001C_1;alouette_lulu;0
1670;001C_2;alouette_lulu;0
1671;001D_1;alouette_lulu;0
1672;001D_2;alouette_lulu;0
1673;016A_1;alouette_lulu;0
1674;016A_2;alouette_lulu;0
1675;016B_1;alouette_lulu;0
1676;016B_2;alouette_lulu;0
1677;016C_1;alouette_lulu;0
1678;016C_2;alouette_lulu;1
1679;016D_1;alouette_lulu;0
1680;016D_2;alouette_lulu;1
1681;025A_1;alouette_lulu;0
1682;025B_1;alouette_lulu;0
1683;025C_1;alouette_lulu;0
1684;025D_1;alouette_lulu;0
1685;030A_1;alouette_lulu;0
1686;030B_1;alouette_lulu;0
1687;030C_1;alouette_lulu;0
1688;030D_1;alouette_lulu;0
1689;053A_1;alouette_lulu;0
1690;053B_1;alouette_lulu;0
1691;053C_1;alouette_lulu;0
1692;053D_1;alouette_lulu;0
1693;058A_1;alouette_lulu;0
1694;058A_2;alouette_lulu;0
1695;058B_1;alouette_lulu;0
1696;058B_2;alouette_lulu;0
1697;058C_1;alouette_lulu;0
1698;058C_2;alouette_lulu;0
1699;058D_1;alouette_lulu;0
1700;058D_2;alouette_lulu;0
1701;063A_1;alouette_lulu;0
1702;063B_1;alouette_lulu;0
1703;063C_1;alouette_lulu;0
1704;063D_1;alouette_lulu;0
1705;143A_1;alouette_lulu;0
1706;143A_2;alouette_lulu;0
1707;143B_1;alouette_lulu;0
1708;143B_2;alouette_lulu;0
1709;143C_1;alouette_lulu;0
1710;143C_2;alouette_lulu;0
1711;143D_1;alouette_lulu;0
1712;143D_2;alouette_lulu;0
1713;166A_1;alouette_lulu;0
1714;166A_2;alouette_lulu;0
1715;166B_1;alouette_lulu;0
1716;166B_2;alouette_lulu;0
1717;166C_1;alouette_lulu;0
1718;166C_2;alouette_lulu;0
1719;166D_1;alouette_lulu;0
1720;166D_2;alouette_lulu;0
1721;168A_1;alouette_lulu;0
1722;168A_2;alouette_lulu;0
1723;168B_1;alouette_lulu;0
1724;168B_2;alouette_lulu;0
1725;168C_1;alouette_lulu;0
1726;168C_2;alouette_lulu;0
1727;168D_1;alouette_lulu;1
1728;168D_2;alouette_lulu;0
1729;182A_1;alouette_lulu;0
1730;182B_1;alouette_lulu;0
1731;182C_1;alouette_lulu;0
1732;182D_1;alouette_lulu;0
1733;199A_1;alouette_lulu;0
1734;199A_2;alouette_lulu;0
1735;199B_1;alouette_lulu;0
1736;199B_2;alouette_lulu;0
1737;199C_1;alouette_lulu;0
1738;199C_2;alouette_lulu;0
1739;199D_1;alouette_lulu;0
1740;199D_2;alouette_lulu;0
1741;213A_1;alouette_lulu;0
1742;213B_1;alouette_lulu;0
1743;213C_1;alouette_lulu;0
1744;213D_1;alouette_lulu;0
1745;242A_1;alouette_lulu;0
1746;242B_1;alouette_lulu;0
1747;242C_1;alouette_lulu;0
1748;242D_1;alouette_lulu;0
1749;260A_1;alouette_lulu;2
1750;260B_1;alouette_lulu;1
1751;260C_1;alouette_lulu;0
1752;260D_1;alouette_lulu;2
1753;271A_1;alouette_lulu;0
1754;271A_2;alouette_lulu;0
1755;271B_1;alouette_lulu;0
1756;271B_2;alouette_lulu;0
1757;271C_1;alouette_lulu;0
1758;271C_2;alouette_lulu;0
1759;271D_1;alouette_lulu;0
1760;271D_2;alouette_lulu;0
1761;354A_1;alouette_lulu;0
1762;354A_2;alouette_lulu;0
1763;354B_1;alouette_lulu;0
1764;354B_2;alouette_lulu;0
1765;354C_1;alouette_lulu;0
1766;354C_2;alouette_lulu;0
1767;354D_1;alouette_lulu;0
1768;354D_2;alouette_lulu;0
1769;385A_1;alouette_lulu;0
1770;385A_2;alouette_lulu;0
1771;385B_1;alouette_lulu;0
1772;385B_2;alouette_lulu;0
1773;385C_1;alouette_lulu;0
1774;385C_2;alouette_lulu;0
1775;385D_1;alouette_lulu;0
1776;385D_2;alouette_lulu;0
1777;434A_1;alouette_lulu;0
1778;434A_2;alouette_lulu;0
1779;434B_1;alouette_lulu;0
1780;434B_2;alouette_lulu;0
1781;434C_1;alouette_lulu;0
1782;434C_2;alouette_lulu;0
1783;434D_1;alouette_lulu;0
1784;434D_2;alouette_lulu;0
1785;443A_1;alouette_lulu;1
1786;443A_2;alouette_lulu;0
1787;443B_1;alouette_lulu;0
1788;443B_2;alouette_lulu;0
1789;443C_1;alouette_lulu;0
1790;443C_2;alouette_lulu;0
1791;443D_1;alouette_lulu;0
1792;443D_2;alouette_lulu;0
1793;452A_1;alouette_lulu;0
1794;452B_1;alouette_lulu;3
1795;452C_1;alouette_lulu;0
1796;452D_1;alouette_lulu;0
1797;490A_1;alouette_lulu;0
1798;490A_2;alouette_lulu;0
1799;490B_1;alouette_lulu;0
1800;490B_2;alouette_lulu;0
1801;490C_1;alouette_lulu;0
1802;490C_2;alouette_lulu;0
1803;490D_1;alouette_lulu;0
1804;490D_2;alouette_lulu;0
1805;506A_1;alouette_lulu;0
1806;506B_1;alouette_lulu;0
1807;506C_1;alouette_lulu;2
1808;506D_1;alouette_lulu;0
1809;524A_1;alouette_lulu;0
1810;524A_2;alouette_lulu;0
1811;524B_1;alouette_lulu;0
1812;524B_2;alouette_lulu;0
1813;524C_1;alouette_lulu;0
1814;524C_2;alouette_lulu;0
1815;524D_1;alouette_lulu;0
1816;524D_2;alouette_lulu;0
1817;682A_1;alouette_lulu;0
1818;682A_2;alouette_lulu;0
1819;682B_1;alouette_lulu;0
1820;682B_2;alouette_lulu;0
1821;682C_1;alouette_lulu;2
1822;682C_2;alouette_lulu;0
1823;682D_1;alouette_lulu;0
1824;682D_2;alouette_lulu;0
1825;689A_1;alouette_lulu;0
1826;689A_2;alouette_lulu;0
1827;689B_1;alouette_lulu;0
1828;689B_2;alouette_lulu;0
1829;689C_1;alouette_lulu;0
1830;689C_2;alouette_lulu;0
1831;689D_1;alouette_lulu;0
1832;689D_2;alouette_lulu;0
1833;695A_1;alouette_lulu;0
1834;695A_2;alouette_lulu;0
1835;695B_1;alouette_lulu;0
1836;695B_2;alouette_lulu;0
1837;695C_1;alouette_lulu;0
1838;695C_2;alouette_lulu;0
1839;695D_1;alouette_lulu;0
1840;695D_2;alouette_lulu;0
1841;702A_1;alouette_lulu;0
1842;702A_2;alouette_lulu;0
1843;702B_1;alouette_lulu;0
1844;702B_2;alouette_lulu;0
1845;702C_1;alouette_lulu;0
1846;702C_2;alouette_lulu;0
1847;702D_1;alouette_lulu;0
1848;702D_2;alouette_lulu;0
1849;708A_1;alouette_lulu;0
1850;708A_2;alouette_lulu;0
1851;708B_1;alouette_lulu;0
1852;708B_2;alouette_lulu;0
1853;708C_1;alouette_lulu;0
1854;708C_2;alouette_lulu;0
1855;708D_1;alouette_lulu;0
1856;708D_2;alouette_lulu;0
1857;771A_1;alouette_lulu;0
1858;771A_2;alouette_lulu;0
1859;771B_1;alouette_lulu;0
1860;771B_2;alouette_lulu;0
1861;771C_1;alouette_lulu;0
1862;771C_2;alouette_lulu;1
1863;771D_1;alouette_lulu;0
1864;771D_2;alouette_lulu;0
1865;791A_1;alouette_lulu;0
1866;791A_2;alouette_lulu;0
1867;791B_1;alouette_lulu;0
1868;791B_2;alouette_lulu;0
1869;791C_1;alouette_lulu;0
1870;791C_2;alouette_lulu;0
1871;791D_1;alouette_lulu;0
1872;791D_2;alouette_lulu;0
1873;001A_1;accenteur_mouchet;2
1874;001A_2;accenteur_mouchet;0
1875;001B_1;accenteur_mouchet;1
1876;001B_2;accenteur_mouchet;0
1877;001C_1;accenteur_mouchet;3
1878;001C_2;accenteur_mouchet;0
1879;001D_1;accenteur_mouchet;2
1880;001D_2;accenteur_mouchet;0
1881;016A_1;accenteur_mouchet;0
1882;016A_2;accenteur_mouchet;0
1883;016B_1;accenteur_mouchet;2
1884;016B_2;accenteur_mouchet;0
1885;016C_1;accenteur_mouchet;0
1886;016C_2;accenteur_mouchet;1
1887;016D_1;accenteur_mouchet;2
1888;016D_2;accenteur_mouchet;1
1889;025A_1;accenteur_mouchet;1
1890;025B_1;accenteur_mouchet;0
1891;025C_1;accenteur_mouchet;1
1892;025D_1;accenteur_mouchet;0
1893;030A_1;accenteur_mouchet;0
1894;030B_1;accenteur_mouchet;0
1895;030C_1;accenteur_mouchet;0
1896;030D_1;accenteur_mouchet;1
1897;053A_1;accenteur_mouchet;0
1898;053B_1;accenteur_mouchet;0
1899;053C_1;accenteur_mouchet;0
1900;053D_1;accenteur_mouchet;0
1901;058A_1;accenteur_mouchet;0
1902;058A_2;accenteur_mouchet;1
1903;058B_1;accenteur_mouchet;0
1904;058B_2;accenteur_mouchet;0
1905;058C_1;accenteur_mouchet;0
1906;058C_2;accenteur_mouchet;1
1907;058D_1;accenteur_mouchet;0
1908;058D_2;accenteur_mouchet;0
1909;063A_1;accenteur_mouchet;0
1910;063B_1;accenteur_mouchet;1
1911;063C_1;accenteur_mouchet;2
1912;063D_1;accenteur_mouchet;0
1913;143A_1;accenteur_mouchet;2
1914;143A_2;accenteur_mouchet;1
1915;143B_1;accenteur_mouchet;0
1916;143B_2;accenteur_mouchet;0
1917;143C_1;accenteur_mouchet;0
1918;143C_2;accenteur_mouchet;0
1919;143D_1;accenteur_mouchet;0
1920;143D_2;accenteur_mouchet;0
1921;166A_1;accenteur_mouchet;1
1922;166A_2;accenteur_mouchet;0
1923;166B_1;accenteur_mouchet;1
1924;166B_2;accenteur_mouchet;0
1925;166C_1;accenteur_mouchet;0
1926;166C_2;accenteur_mouchet;2
1927;166D_1;accenteur_mouchet;1
1928;166D_2;accenteur_mouchet;0
1929;168A_1;accenteur_mouchet;2
1930;168A_2;accenteur_mouchet;0
1931;168B_1;accenteur_mouchet;2
1932;168B_2;accenteur_mouchet;1
1933;168C_1;accenteur_mouchet;2
1934;168C_2;accenteur_mouchet;0
1935;168D_1;accenteur_mouchet;1
1936;168D_2;accenteur_mouchet;0
1937;182A_1;accenteur_mouchet;1
1938;182B_1;accenteur_mouchet;0
1939;182C_1;accenteur_mouchet;0
1940;182D_1;accenteur_mouchet;0
1941;199A_1;accenteur_mouchet;1
1942;199A_2;accenteur_mouchet;0
1943;199B_1;accenteur_mouchet;1
1944;199B_2;accenteur_mouchet;0
1945;199C_1;accenteur_mouchet;1
1946;199C_2;accenteur_mouchet;0
1947;199D_1;accenteur_mouchet;0
1948;199D_2;accenteur_mouchet;0
1949;213A_1;accenteur_mouchet;1
1950;213B_1;accenteur_mouchet;0
1951;213C_1;accenteur_mouchet;0
1952;213D_1;accenteur_mouchet;0
1953;242A_1;accenteur_mouchet;0
1954;242B_1;accenteur_mouchet;0
1955;242C_1;accenteur_mouchet;1
1956;242D_1;accenteur_mouchet;0
1957;260A_1;accenteur_mouchet;0
1958;260B_1;accenteur_mouchet;1
1959;260C_1;accenteur_mouchet;1
1960;260D_1;accenteur_mouchet;1
1961;271A_1;accenteur_mouchet;1
1962;271A_2;accenteur_mouchet;0
1963;271B_1;accenteur_mouchet;1
1964;271B_2;accenteur_mouchet;1
1965;271C_1;accenteur_mouchet;0
1966;271C_2;accenteur_mouchet;0
1967;271D_1;accenteur_mouchet;1
1968;271D_2;accenteur_mouchet;0
1969;354A_1;accenteur_mouchet;0
1970;354A_2;accenteur_mouchet;0
1971;354B_1;accenteur_mouchet;1
1972;354B_2;accenteur_mouchet;0
1973;354C_1;accenteur_mouchet;1
1974;354C_2;accenteur_mouchet;1
1975;354D_1;accenteur_mouchet;1
1976;354D_2;accenteur_mouchet;0
1977;385A_1;accenteur_mouchet;0
1978;385A_2;accenteur_mouchet;0
1979;385B_1;accenteur_mouchet;1
1980;385B_2;accenteur_mouchet;1
1981;385C_1;accenteur_mouchet;3
1982;385C_2;accenteur_mouchet;1
1983;385D_1;accenteur_mouchet;1
1984;385D_2;accenteur_mouchet;1
1985;434A_1;accenteur_mouchet;0
1986;434A_2;accenteur_mouchet;1
1987;434B_1;accenteur_mouchet;1
1988;434B_2;accenteur_mouchet;0
1989;434C_1;accenteur_mouchet;0
1990;434C_2;accenteur_mouchet;0
1991;434D_1;accenteur_mouchet;0
1992;434D_2;accenteur_mouchet;0
1993;443A_1;accenteur_mouchet;1
1994;443A_2;accenteur_mouchet;1
1995;443B_1;accenteur_mouchet;1
1996;443B_2;accenteur_mouchet;0
1997;443C_1;accenteur_mouchet;1
1998;443C_2;accenteur_mouchet;0
1999;443D_1;accenteur_mouchet;0
2000;443D_2;accenteur_mouchet;0
2001;452A_1;accenteur_mouchet;0
2002;452B_1;accenteur_mouchet;1
2003;452C_1;accenteur_mouchet;0
2004;452D_1;accenteur_mouchet;1
2005;490A_1;accenteur_mouchet;0
2006;490A_2;accenteur_mouchet;0
2007;490B_1;accenteur_mouchet;1
2008;490B_2;accenteur_mouchet;0
2009;490C_1;accenteur_mouchet;1
2010;490C_2;accenteur_mouchet;0
2011;490D_1;accenteur_mouchet;1
2012;490D_2;accenteur_mouchet;2
2013;506A_1;accenteur_mouchet;1
2014;506B_1;accenteur_mouchet;2
2015;506C_1;accenteur_mouchet;0
2016;506D_1;accenteur_mouchet;1
2017;524A_1;accenteur_mouchet;1
2018;524A_2;accenteur_mouchet;0
2019;524B_1;accenteur_mouchet;0
2020;524B_2;accenteur_mouchet;0
2021;524C_1;accenteur_mouchet;0
2022;524C_2;accenteur_mouchet;0
2023;524D_1;accenteur_mouchet;0
2024;524D_2;accenteur_mouchet;1
2025;682A_1;accenteur_mouchet;0
2026;682A_2;accenteur_mouchet;0
2027;682B_1;accenteur_mouchet;1
2028;682B_2;accenteur_mouchet;2
2029;682C_1;accenteur_mouchet;0
2030;682C_2;accenteur_mouchet;0
2031;682D_1;accenteur_mouchet;1
2032;682D_2;accenteur_mouchet;1
2033;689A_1;accenteur_mouchet;1
2034;689A_2;accenteur_mouchet;0
2035;689B_1;accenteur_mouchet;1
2036;689B_2;accenteur_mouchet;1
2037;689C_1;accenteur_mouchet;1
2038;689C_2;accenteur_mouchet;2
2039;689D_1;accenteur_mouchet;0
2040;689D_2;accenteur_mouchet;0
2041;695A_1;accenteur_mouchet;2
2042;695A_2;accenteur_mouchet;0
2043;695B_1;accenteur_mouchet;1
2044;695B_2;accenteur_mouchet;1
2045;695C_1;accenteur_mouchet;0
2046;695C_2;accenteur_mouchet;0
2047;695D_1;accenteur_mouchet;0
2048;695D_2;accenteur_mouchet;0
2049;702A_1;accenteur_mouchet;0
2050;702A_2;accenteur_mouchet;0
2051;702B_1;accenteur_mouchet;0
2052;702B_2;accenteur_mouchet;0
2053;702C_1;accenteur_mouchet;0
2054;702C_2;accenteur_mouchet;0
2055;702D_1;accenteur_mouchet;0
2056;702D_2;accenteur_mouchet;0
2057;708A_1;accenteur_mouchet;2
2058;708A_2;accenteur_mouchet;0
2059;708B_1;accenteur_mouchet;1
2060;708B_2;accenteur_mouchet;1
2061;708C_1;accenteur_mouchet;2
2062;708C_2;accenteur_mouchet;0
2063;708D_1;accenteur_mouchet;1
2064;708D_2;accenteur_mouchet;1
2065;771A_1;accenteur_mouchet;0
2066;771A_2;accenteur_mouchet;2
2067;771B_1;accenteur_mouchet;0
2068;771B_2;accenteur_mouchet;0
2069;771C_1;accenteur_mouchet;0
2070;771C_2;accenteur_mouchet;1
2071;771D_1;accenteur_mouchet;0
2072;771D_2;accenteur_mouchet;0
2073;791A_1;accenteur_mouchet;0
2074;791A_2;accenteur_mouchet;0
2075;791B_1;accenteur_mouchet;0
2076;791B_2;accenteur_mouchet;0
2077;791C_1;accenteur_mouchet;0
2078;791C_2;accenteur_mouchet;0
2079;791D_1;accenteur_mouchet;0
2080;791D_2;accenteur_mouchet;0
2081;001A_1;grive_draine;0
2082;001A_2;grive_draine;0
2083;001B_1;grive_draine;0
2084;001B_2;grive_draine;0
2085;001C_1;grive_draine;0
2086;001C_2;grive_draine;0
2087;001D_1;grive_draine;0
2088;001D_2;grive_draine;0
2089;016A_1;grive_draine;0
2090;016A_2;grive_draine;0
2091;016B_1;grive_draine;0
2092;016B_2;grive_draine;0
2093;016C_1;grive_draine;0
2094;016C_2;grive_draine;0
2095;016D_1;grive_draine;0
2096;016D_2;grive_draine;0
2097;025A_1;grive_draine;0
2098;025B_1;grive_draine;0
2099;025C_1;grive_draine;0
2100;025D_1;grive_draine;2
2101;030A_1;grive_draine;0
2102;030B_1;grive_draine;0
2103;030C_1;grive_draine;0
2104;030D_1;grive_draine;0
2105;053A_1;grive_draine;0
2106;053B_1;grive_draine;1
2107;053C_1;grive_draine;0
2108;053D_1;grive_draine;0
2109;058A_1;grive_draine;1
2110;058A_2;grive_draine;0
2111;058B_1;grive_draine;1
2112;058B_2;grive_draine;0
2113;058C_1;grive_draine;0
2114;058C_2;grive_draine;0
2115;058D_1;grive_draine;0
2116;058D_2;grive_draine;1
2117;063A_1;grive_draine;0
2118;063B_1;grive_draine;0
2119;063C_1;grive_draine;0
2120;063D_1;grive_draine;0
2121;143A_1;grive_draine;1
2122;143A_2;grive_draine;0
2123;143B_1;grive_draine;1
2124;143B_2;grive_draine;0
2125;143C_1;grive_draine;1
2126;143C_2;grive_draine;0
2127;143D_1;grive_draine;0
2128;143D_2;grive_draine;0
2129;166A_1;grive_draine;0
2130;166A_2;grive_draine;0
2131;166B_1;grive_draine;6
2132;166B_2;grive_draine;0
2133;166C_1;grive_draine;0
2134;166C_2;grive_draine;1
2135;166D_1;grive_draine;0
2136;166D_2;grive_draine;0
2137;168A_1;grive_draine;0
2138;168A_2;grive_draine;0
2139;168B_1;grive_draine;0
2140;168B_2;grive_draine;0
2141;168C_1;grive_draine;0
2142;168C_2;grive_draine;1
2143;168D_1;grive_draine;0
2144;168D_2;grive_draine;1
2145;182A_1;grive_draine;0
2146;182B_1;grive_draine;0
2147;182C_1;grive_draine;0
2148;182D_1;grive_draine;0
2149;199A_1;grive_draine;0
2150;199A_2;grive_draine;0
2151;199B_1;grive_draine;0
2152;199B_2;grive_draine;0
2153;199C_1;grive_draine;0
2154;199C_2;grive_draine;0
2155;199D_1;grive_draine;1
2156;199D_2;grive_draine;0
2157;213A_1;grive_draine;0
2158;213B_1;grive_draine;0
2159;213C_1;grive_draine;0
2160;213D_1;grive_draine;0
2161;242A_1;grive_draine;0
2162;242B_1;grive_draine;0
2163;242C_1;grive_draine;0
2164;242D_1;grive_draine;0
2165;260A_1;grive_draine;0
2166;260B_1;grive_draine;0
2167;260C_1;grive_draine;0
2168;260D_1;grive_draine;0
2169;271A_1;grive_draine;0
2170;271A_2;grive_draine;0
2171;271B_1;grive_draine;1
2172;271B_2;grive_draine;0
2173;271C_1;grive_draine;0
2174;271C_2;grive_draine;0
2175;271D_1;grive_draine;0
2176;271D_2;grive_draine;0
2177;354A_1;grive_draine;0
2178;354A_2;grive_draine;0
2179;354B_1;grive_draine;0
2180;354B_2;grive_draine;0
2181;354C_1;grive_draine;0
2182;354C_2;grive_draine;0
2183;354D_1;grive_draine;0
2184;354D_2;grive_draine;0
2185;385A_1;grive_draine;0
2186;385A_2;grive_draine;0
2187;385B_1;grive_draine;1
2188;385B_2;grive_draine;0
2189;385C_1;grive_draine;0
2190;385C_2;grive_draine;0
2191;385D_1;grive_draine;0
2192;385D_2;grive_draine;0
2193;434A_1;grive_draine;0
2194;434A_2;grive_draine;1
2195;434B_1;grive_draine;0
2196;434B_2;grive_draine;0
2197;434C_1;grive_draine;0
2198;434C_2;grive_draine;0
2199;434D_1;grive_draine;0
2200;434D_2;grive_draine;0
2201;443A_1;grive_draine;0
2202;443A_2;grive_draine;0
2203;443B_1;grive_draine;0
2204;443B_2;grive_draine;0
2205;443C_1;grive_draine;0
2206;443C_2;grive_draine;1
2207;443D_1;grive_draine;0
2208;443D_2;grive_draine;0
2209;452A_1;grive_draine;1
2210;452B_1;grive_draine;1
2211;452C_1;grive_draine;0
2212;452D_1;grive_draine;0
2213;490A_1;grive_draine;0
2214;490A_2;grive_draine;0
2215;490B_1;grive_draine;0
2216;490B_2;grive_draine;0
2217;490C_1;grive_draine;0
2218;490C_2;grive_draine;0
2219;490D_1;grive_draine;0
2220;490D_2;grive_draine;0
2221;506A_1;grive_draine;0
2222;506B_1;grive_draine;0
2223;506C_1;grive_draine;0
2224;506D_1;grive_draine;0
2225;524A_1;grive_draine;0
2226;524A_2;grive_draine;4
2227;524B_1;grive_draine;1
2228;524B_2;grive_draine;0
2229;524C_1;grive_draine;0
2230;524C_2;grive_draine;0
2231;524D_1;grive_draine;0
2232;524D_2;grive_draine;0
2233;682A_1;grive_draine;0
2234;682A_2;grive_draine;3
2235;682B_1;grive_draine;0
2236;682B_2;grive_draine;0
2237;682C_1;grive_draine;0
2238;682C_2;grive_draine;0
2239;682D_1;grive_draine;0
2240;682D_2;grive_draine;0
2241;689A_1;grive_draine;0
2242;689A_2;grive_draine;1
2243;689B_1;grive_draine;0
2244;689B_2;grive_draine;0
2245;689C_1;grive_draine;0
2246;689C_2;grive_draine;0
2247;689D_1;grive_draine;0
2248;689D_2;grive_draine;0
2249;695A_1;grive_draine;0
2250;695A_2;grive_draine;0
2251;695B_1;grive_draine;0
2252;695B_2;grive_draine;1
2253;695C_1;grive_draine;0
2254;695C_2;grive_draine;0
2255;695D_1;grive_draine;0
2256;695D_2;grive_draine;0
2257;702A_1;grive_draine;1
2258;702A_2;grive_draine;5
2259;702B_1;grive_draine;0
2260;702B_2;grive_draine;1
2261;702C_1;grive_draine;0
2262;702C_2;grive_draine;0
2263;702D_1;grive_draine;0
2264;702D_2;grive_draine;0
2265;708A_1;grive_draine;2
2266;708A_2;grive_draine;0
2267;708B_1;grive_draine;2
2268;708B_2;grive_draine;0
2269;708C_1;grive_draine;1
2270;708C_2;grive_draine;0
2271;708D_1;grive_draine;1
2272;708D_2;grive_draine;0
2273;771A_1;grive_draine;0
2274;771A_2;grive_draine;2
2275;771B_1;grive_draine;0
2276;771B_2;grive_draine;0
2277;771C_1;grive_draine;0
2278;771C_2;grive_draine;0
2279;771D_1;grive_draine;1
2280;771D_2;grive_draine;0
2281;791A_1;grive_draine;0
2282;791A_2;grive_draine;0
2283;791B_1;grive_draine;0
2284;791B_2;grive_draine;0
2285;791C_1;grive_draine;0
2286;791C_2;grive_draine;0
2287;791D_1;grive_draine;0
2288;791D_2;grive_draine;1
2289;001A_1;martinet_noir;0
2290;001A_2;martinet_noir;0
2291;001B_1;martinet_noir;0
2292;001B_2;martinet_noir;0
2293;001C_1;martinet_noir;0
2294;001C_2;martinet_noir;0
2295;001D_1;martinet_noir;0
2296;001D_2;martinet_noir;0
2297;016A_1;martinet_noir;0
2298;016A_2;martinet_noir;0
2299;016B_1;martinet_noir;0
2300;016B_2;martinet_noir;0
2301;016C_1;martinet_noir;0
2302;016C_2;martinet_noir;0
2303;016D_1;martinet_noir;0
2304;016D_2;martinet_noir;0
2305;025A_1;martinet_noir;0
2306;025B_1;martinet_noir;0
2307;025C_1;martinet_noir;0
2308;025D_1;martinet_noir;0
2309;030A_1;martinet_noir;0
2310;030B_1;martinet_noir;0
2311;030C_1;martinet_noir;0
2312;030D_1;martinet_noir;0
2313;053A_1;martinet_noir;0
2314;053B_1;martinet_noir;0
2315;053C_1;martinet_noir;0
2316;053D_1;martinet_noir;0
2317;058A_1;martinet_noir;0
2318;058A_2;martinet_noir;0
2319;058B_1;martinet_noir;0
2320;058B_2;martinet_noir;0
2321;058C_1;martinet_noir;0
2322;058C_2;martinet_noir;0
2323;058D_1;martinet_noir;0
2324;058D_2;martinet_noir;0
2325;063A_1;martinet_noir;0
2326;063B_1;martinet_noir;0
2327;063C_1;martinet_noir;0
2328;063D_1;martinet_noir;0
2329;143A_1;martinet_noir;0
2330;143A_2;martinet_noir;0
2331;143B_1;martinet_noir;0
2332;143B_2;martinet_noir;0
2333;143C_1;martinet_noir;0
2334;143C_2;martinet_noir;0
2335;143D_1;martinet_noir;0
2336;143D_2;martinet_noir;0
2337;166A_1;martinet_noir;0
2338;166A_2;martinet_noir;0
2339;166B_1;martinet_noir;0
2340;166B_2;martinet_noir;0
2341;166C_1;martinet_noir;0
2342;166C_2;martinet_noir;0
2343;166D_1;martinet_noir;0
2344;166D_2;martinet_noir;0
2345;168A_1;martinet_noir;0
2346;168A_2;martinet_noir;1
2347;168B_1;martinet_noir;0
2348;168B_2;martinet_noir;0
2349;168C_1;martinet_noir;0
2350;168C_2;martinet_noir;5
2351;168D_1;martinet_noir;0
2352;168D_2;martinet_noir;0
2353;182A_1;martinet_noir;0
2354;182B_1;martinet_noir;0
2355;182C_1;martinet_noir;0
2356;182D_1;martinet_noir;0
2357;199A_1;martinet_noir;0
2358;199A_2;martinet_noir;0
2359;199B_1;martinet_noir;0
2360;199B_2;martinet_noir;0
2361;199C_1;martinet_noir;0
2362;199C_2;martinet_noir;0
2363;199D_1;martinet_noir;0
2364;199D_2;martinet_noir;0
2365;213A_1;martinet_noir;0
2366;213B_1;martinet_noir;0
2367;213C_1;martinet_noir;0
2368;213D_1;martinet_noir;0
2369;242A_1;martinet_noir;0
2370;242B_1;martinet_noir;0
2371;242C_1;martinet_noir;0
2372;242D_1;martinet_noir;0
2373;260A_1;martinet_noir;0
2374;260B_1;martinet_noir;0
2375;260C_1;martinet_noir;0
2376;260D_1;martinet_noir;0
2377;271A_1;martinet_noir;0
2378;271A_2;martinet_noir;0
2379;271B_1;martinet_noir;0
2380;271B_2;martinet_noir;0
2381;271C_1;martinet_noir;0
2382;271C_2;martinet_noir;0
2383;271D_1;martinet_noir;0
2384;271D_2;martinet_noir;0
2385;354A_1;martinet_noir;0
2386;354A_2;martinet_noir;49
2387;354B_1;martinet_noir;0
2388;354B_2;martinet_noir;60
2389;354C_1;martinet_noir;0
2390;354C_2;martinet_noir;0
2391;354D_1;martinet_noir;0
2392;354D_2;martinet_noir;2
2393;385A_1;martinet_noir;0
2394;385A_2;martinet_noir;0
2395;385B_1;martinet_noir;0
2396;385B_2;martinet_noir;2
2397;385C_1;martinet_noir;0
2398;385C_2;martinet_noir;0
2399;385D_1;martinet_noir;0
2400;385D_2;martinet_noir;2
2401;434A_1;martinet_noir;0
2402;434A_2;martinet_noir;0
2403;434B_1;martinet_noir;0
2404;434B_2;martinet_noir;2
2405;434C_1;martinet_noir;0
2406;434C_2;martinet_noir;0
2407;434D_1;martinet_noir;0
2408;434D_2;martinet_noir;0
2409;443A_1;martinet_noir;0
2410;443A_2;martinet_noir;1
2411;443B_1;martinet_noir;0
2412;443B_2;martinet_noir;0
2413;443C_1;martinet_noir;0
2414;443C_2;martinet_noir;2
2415;443D_1;martinet_noir;0
2416;443D_2;martinet_noir;0
2417;452A_1;martinet_noir;0
2418;452B_1;martinet_noir;0
2419;452C_1;martinet_noir;0
2420;452D_1;martinet_noir;0
2421;490A_1;martinet_noir;0
2422;490A_2;martinet_noir;0
2423;490B_1;martinet_noir;0
2424;490B_2;martinet_noir;0
2425;490C_1;martinet_noir;0
2426;490C_2;martinet_noir;0
2427;490D_1;martinet_noir;0
2428;490D_2;martinet_noir;0
2429;506A_1;martinet_noir;0
2430;506B_1;martinet_noir;0
2431;506C_1;martinet_noir;0
2432;506D_1;martinet_noir;0
2433;524A_1;martinet_noir;0
2434;524A_2;martinet_noir;0
2435;524B_1;martinet_noir;0
2436;524B_2;martinet_noir;0
2437;524C_1;martinet_noir;0
2438;524C_2;martinet_noir;0
2439;524D_1;martinet_noir;0
2440;524D_2;martinet_noir;0
2441;682A_1;martinet_noir;0
2442;682A_2;martinet_noir;0
2443;682B_1;martinet_noir;0
2444;682B_2;martinet_noir;0
2445;682C_1;martinet_noir;0
2446;682C_2;martinet_noir;0
2447;682D_1;martinet_noir;0
2448;682D_2;martinet_noir;0
2449;689A_1;martinet_noir;0
2450;689A_2;martinet_noir;0
2451;689B_1;martinet_noir;0
2452;689B_2;martinet_noir;0
2453;689C_1;martinet_noir;0
2454;689C_2;martinet_noir;0
2455;689D_1;martinet_noir;0
2456;689D_2;martinet_noir;0
2457;695A_1;martinet_noir;0
2458;695A_2;martinet_noir;0
2459;695B_1;martinet_noir;0
2460;695B_2;martinet_noir;0
2461;695C_1;martinet_noir;0
2462;695C_2;martinet_noir;0
2463;695D_1;martinet_noir;0
2464;695D_2;martinet_noir;3
2465;702A_1;martinet_noir;0
2466;702A_2;martinet_noir;0
2467;702B_1;martinet_noir;0
2468;702B_2;martinet_noir;0
2469;702C_1;martinet_noir;0
2470;702C_2;martinet_noir;0
2471;702D_1;martinet_noir;0
2472;702D_2;martinet_noir;0
2473;708A_1;martinet_noir;0
2474;708A_2;martinet_noir;0
2475;708B_1;martinet_noir;0
2476;708B_2;martinet_noir;0
2477;708C_1;martinet_noir;0
2478;708C_2;martinet_noir;0
2479;708D_1;martinet_noir;0
2480;708D_2;martinet_noir;0
2481;771A_1;martinet_noir;0
2482;771A_2;martinet_noir;0
2483;771B_1;martinet_noir;0
2484;771B_2;martinet_noir;0
2485;771C_1;martinet_noir;0
2486;771C_2;martinet_noir;0
2487;771D_1;martinet_noir;0
2488;771D_2;martinet_noir;0
2489;791A_1;martinet_noir;0
2490;791A_2;martinet_noir;0
2491;791B_1;martinet_noir;0
2492;791B_2;martinet_noir;0
2493;791C_1;martinet_noir;0
2494;791C_2;martinet_noir;0
2495;791D_1;martinet_noir;0
2496;791D_2;martinet_noir;0
